"codigo","ruta","terminal","empresa","cartel_de_ruta_ida","recorrido","capacidad_minima","capacidad_maxima","frecuencia_de_despacho_hora_pico","hora_primer_despacho","hora_ultimo_despacho","long_km","servicio","clase","cartel_de_ruta_regreso","frecuencia_despacho_hora_valle"
"1","GALÁN MODELO ESTADIO","BARRIO GALÁN","COTRANDER","MODELO - CENTRO - UIS - CALLE 34 - ABASTOS (MODELO - CENTRO - CARRERA 19 - CALLE 8 - ESTADIO - HOSPITAL (IDA); MODELO - CENTRO - CALLE 34 - ALCALDÍA - CAMPOHERMOSO - ABASTOS (VUELTA)","GALÁN - CHIMITÁ - CALLE 45 - CAMPO HERMOSO - CARRERA 9 - CALLE 33 - CARRERA 19 - CALLE 8 - CARRERA 24 - CALLE 14 - CARRERA 30 - AVENIDA QUEBRADASECA - CARRERA 33 - CALLE 34 - CARRERA 9 - CALLE 45 - CENTRO ABASTOS - CHIMITA – GALÁN.L","15","19","7","05:00:00 a.m.","08:00:00 p.m.",,"BASICO","BUS / BUSETA / MICROBUS",,"12"
"2","PILOTO # 6 BUENAVISTA - MORRORICO - CARRERA 9 - INEM - CANELOS","BARRIO BUENAVISTA","OPERACIÓN AUTORIZADA A UNITRANSA S.A.","BUENA VISTA - MORRO – CALLE 34 – CARRERA 9 – INEM – PROVENZA –CRISTAL BAJO","BUENAVISTA - MORRORICO - CARRERA 33A - CALLE 34 - CARRERA 9 - CALLE 45 – CARRERA 8 - CALLE 44 - CARRERA 11 - CALLE 45 - DIAGONAL 15 - CARRERA 17 - CALLE 61 – CARRERA 10 - TRANSVERSAL METROPOLITANA PUENTE EL BUENO - TRANSVERSAL METROPOLITANA - TERMINAL DE TRANSPORTES DE BUCARAMANGA - CARRERA 15 CARRERA 16 - CALLE 105 - GLORIETA DEL INEM - CARRERA 21 - CALLE 108 - CARRERA 21 A - CALLE 110 - CARRERA 22 - CALLE 111 - CARRERA 21B - CONJUNTO RESIDENCIA COMULTRASAN - VARIANTE HACIA EL BARRIO EL CRISTAL BAJO - CRISTAL BAJO - RETORNO - CONJUNTO RESIDENCIA COMULTRASAN - CALLE 117 - CARRERA 22 -CALLE 105 – CARRERA 16 - CARRERA 15 - TERMINAL DE TRANSPORTES DE BUCARAMANGA - PUENTE EL BUENO TRANSVERSAL METROPOLITANA - CALLE 63 - CARRERA 7 - CANELOS - CARRERA 8 – CALLE 61- CARRERA 17 - CALLE 45 -CARRERA 14 -CALLE 33- CARRERA 29 - CALLE 32 - ACUEDUCTO - LA FLORA - BUENAVISTA","19","24","8",,,"31.8","BASICO","BUS / BUSETA / MICROBUS","MORRO - TERMINAL - CARRERA 14 - CENTRO – HOSPITAL – GUARIN.","12"
"3","PILOTO # 07 BUENAVISTA - MORRORICO - CARRERA 9 – INEM – CRISTAL BAJO","BARRIO BUENAVISTA","OPERACIÓN AUTORIZADA A UNITRANSA S.A.","BUENAVISTA – MORRO - ÁLVAREZ - CARRERA 33 - CC CACIQUE - DIAMANTE II - PROVENZA - CRISTAL BAJO","BUENAVISTA - VIA PAMPLONA BUCARAMANGA - MORRORICO - CARRERA 50 – ALBANIA - ALVAREZ - CALLE 34 - CARRERA 33 - VIADUCTO LA FLORA - CC CACIQUE - DIAMANTE - CARRERA 24 - AVENIDA 89 -ISAN LUIS) - CARRERA 19 - PUENTE FONTANA - CARRERA 22ª - CALLE 100 - CALLE 103 - CARRERA 23 - CALLE 111 - CARRERA 21B - CALLE 117 (COMULTRANSAN) - BARRIO CRISTAL BAJO - RETORNA - CALLE 117 - CARRERA 22 – CALLE 100 - DIAGONAL 20 - CALLE 99 - PUENTE DE FONTANA - CARRERA 19 -CALLE 89 – CARRERA 24 - INTERCAMBIADOR GARCÍA CADENA - CARRERA 29 - CALLE 93 - PUENTE LA PEDREGOSA - CENTRO COMERCIAL CACIQUE - PUENTE LA FLORA - CARRERA 33 - CARRERA 33 A MEGAMALL - PARQUE DEL AGUA - MORRORICO - BUENAVISTA","18","20","8","05:00:00 a.m.","08:00:00 p.m.","22.7","BASICO","BUS / BUSETA / MICROBUS","MORRO – DIAMANTE II – C. C CACIQUE – CARRERA 33 - GUARÍN - MEGAMALL","15"
"4","DON BOSCO - CARRERA 33 - REAL DE MINAS","DON BOSCO","OPERACIÓN AUTORIZADA A UNITRANSA S.A.","REAL DE MINAS - CARRERA 33 - CALLE 56 - LA ISLA - ACRÓPOLIS - MUTIS","DON BOSCO - CARRERA 5 - CALLE 28 - CARRERA 10 - GLORIETA DE LA CARRERA 9 CON AVENIDA QUEBRADASECA - CARRERA 11 - CALLE 33 - CARRERA 19 - CALLE 14 - CARRERA 30 - AVENIDA QUEBRADASECA - MEGAMALL - CARRERA 33A - CARRERA 33 - CALLE 56 - PLAZA MAYOR - CALLE REAL - LOS NARANJOS - DEPRIMIDO VIADUCTO PROVINCIAL - CALLE 55 - CARRERA 2W - CALLE 57 - CARRERA 8W - CALLE 62 - CARRERA 2W - GLORIETA CANCHA DE SOFTBOL - CIUDAD BOLÍVAR - LOS CANELOS - LOS ALMENDROS - CALLE 61 - INTERCAMBIADOR PUERTA DEL SOL - LAS HORMIGAS - CARRERA 33 - CALLE 48 - CARRERA 36 - CALLE 34 - CARRERA 10 - CARRERA 9 - GLORIETA - CALLE 31 - DON BOSCO.","16","20","10","05:00:00 a.m.","07:30:00 p.m.","25.6","BASICO","BUS / BUSETA / MICROBUS","REAL DE MINAS - CABECERA - CALLE 34 - CENTRO - ALCALDÍA - B SANTANDER","15"
"5","CARRIZAL - CALLE 45 - CABECERA - PORTÓN DEL TEJAR - CAMPANAZO","SAN ANTONIO DE CARRIZALBOSQUES DE SAN SEBASTIÁN (INTERCALADO)","OPERACIÓN AUTORIZADA A UNITRANSA S.A.","CARRIZAL - PORTÓN - CARRERA 33 - C. C. CACIQUE - CAMPANAZO","SAN ANTONIO DE CARRIZAL - ALTERNO BOSQUES DE SAN SEBASTIÁN - RETORNO GLORIETA EL POBLADO - VÍA CHIMITÁ - CALLE 45 - CARRERA 9 - CALLE 43 - CARRERA 14 - CALLE 41 - CARRERA 16 - CALLE 37 - CARRERA 22 - CALLE 45 - CALLE 48 - CARRERA 33 - CONUCOS - PORTÓN DEL TEJAR - TRANSVERSAL ORIENTAL - VÍA EL REPOSO HASTA EL CAMPANAZO - CALLE 19 - CALLE 61 - CARRERA 60 - CALLE 63 - CARREA 18 - CAMPANAZO - TRANSVERSAL ORIENTAL - CENTRO COMERCIAL EL CACIQUE - CONUCOS - CARRERA 33 - CALLE 48 - CARRERA 36 - CALLE 45 - CARRERA 21 - CALLE 34 - CARRERA 9 - CALLE 45 POR EL MISMO CORREDOR HASTA CARRIZAL","19","23","7","5:00 a.m. - domingo festivos 5:30 a.m.","8:00 p.m. -domingos y festivos 18:00 p.m.","32.6","BASICO","BUS / BUSETA / MICROBUS","CARRIZAL - PORTÓN CENTRO - CAMPOHERMOSO - ABASTOS","10"
"6","ILOTO # 08 JOYA – UIS – CARRERA 33 – LA VICTORIA.","LA JOYA","OPERACIÓN AUTORIZADA A UNITRANSA S.A.","LA JOYA - CARRERA 33 - ESTADIO - HOSPITAL - P SAN PIO - CL. B/MANGA - LA VICTORIA","LA JOYA - CARRERA 9 - CALLE 33 - CARRERA 19 - CALLE 14 - CARRERA 30 - AVENIDA QUEBRADASECA - CARRERA 33 - LA VICTORIA - CALLE 67 - LA VICTORIA - CARRERA 11 CALLE 68 - CARRERA 21 - CALLE 67 - CARRERA 33 - CARRERA 32A - CALLE 14 - CARRERA 25 - CALLE 9 - CARRERA 18 - CALLE 34- CARRERA 9 - CALLE 35 - AL TERMINAL BARRIO LA JOYA.","12","15","10","05:15:00 a.m.","06:30:00 p.m.","21","BASICO","BUS / BUSETA / MICROBUS","LA JOYA - CARRERA 33 – HOSPITAL - ESTADIO – UIS – SAN TOTO - CARRERA 18 - CENTRO - ALCALDÍA","15"
"7","PILOTO # 02 LIMONCITO","LOAS CAUCHOS (ESTADIO ALVARO GOMEZ HURTADO)","COTRANDER","LIMONCITO - CARRERA 33 - HOSPITAL – ESTADIO – UDI","ESTADIO - SERVIENTREGA - CARRERA 8 - CALLE 11 - CALLE 205 ANDES - CARRERA 40 CARRERA 15 - CALLE 5 - CARRERA 11 - PARAGÜITAS - VÍA PRINCIPAL DE BUCARICA TRANSVERSAL ORIENTAL - CARRERA 33 CARRERA 32A - CALLE 14 - CARRERA 25 - CALLE 9 - CARRERA 24 - CALLE 14 - GLORIETA DE LA CARRERA 30 - AVENIDA QUEBRADASECA MEGAMALL - CARRERA 33A - PLAZA GUARÍN - CARRERA 33 - TRANSVERSAL ORIENTAL - VÍA PRINCIPAL BUCARICA - CARRERA 11- CALLE 3 - CARRERA 10 - CALLE 6 - CARRERA 15 – CALLE 205 - ANDES CARRERA 8 AL SUR PARA TOMAR LA AUTOPISTA FLORIDABLANCA PIEDECUESTA - RETORNO PLATA ACERO – ESTADIO","22","7","6","04:50:00 a.m.","08:30:00 p.m.","27","BASICO","BUS / BUSETA / MICROBUS","LIMONCITO - CARRERA 33 - CC CACIQUE - FLORIDA - ANDES","0"
"16","HAMACAS - CARRERA 33 - REPOSO","BETANIA SECTOR 11","OPERACIÓN AUTORIZADA A UNITRANSA S.A.","HAMACAS - CARRERA 33 - C. C. CACIQUE - CAMPANAZO - REPOSO","BETANIA ETAPA 11 - CARRERA 10 VÍA CAFÉ MADRID - HAMACAS - CARRERA 10 - KENNEDY - HOSPITAL DEL NORTE - MARÍA PAZ - COLSEGUROS - BIENESTAR FAMILIAR - LOS CUYOS - CARRERA 15 - AVENIDA QUEBRADASECA - CARRERA 33 - VIADUCTO LA FLORA - CENTRO COMERCIAL EL CACIQUE - TRANSVERSAL ORIENTAL - CAMPANAZO - CALLE 107 - CARRERA 48 - CALLE 17 - CALLE 53 - CANCHA DE ALARES - CALLE 58 - CARRERA 14C - CALLE 57 - CARRERA 16 - CALLE 57A - CARRERA 15A - CALLE 107A - EL CAMPANAZO - TRANSVERSAL ORIENTAL - CENTRO COMERCIAL EL CACIQUE - VIADUCTO LA FLORA - CARRERA 33 - AVENIDA QUEBRADASECA - CARRERA 15 - LA VIRGEN - LOS CUYOS - COLSEGUROS - MARÍA PAZ - HOSPITAL DEL NORTE - CARRERA 10 - LAS HAMACAS - CARRERA 10 VÍA CAFÉ MADRID - BETANIA ETAPA 11","21","26","8","06:00:00 a.m.","06:00:00 p.m.","33.95","BASICO","BUS / BUSETA / MICROBUS","HAMACAS - CARRERA 33 - AV. QUEBRADASECA - KENNEDY - BETANIA","15"
"9","TRINIDAD - TERRAZAS - AV. QUEBRADASECA - SAN MIGUEL","PARQUEADERO UNITRANSA SOBRE LA TRANSVERSAL ORIENTAL","OPERACIÓN AUTORIZADA A UNITRANSA S.A.","TRINIDAD - CARRERA 36 - AV. QUEBRADASECA - SAN MIGUEL","INICIO EN PARQUEADERO EMPRESA UNITRANSA S.A. SOBRE LA TRANSVERSAL ORIENTAL - CALLE 48 EN EL CARMEN - CALLE 51 EN VILLA LUZ - DIAGONAL 17 - CALLE 53 - CANCHA DE ALARES - CALLE 58 - CARRERA 14C - CALLE 57 - CARRERA 16 - CALLE 57A - CARRERA 15A - CALLE 107A - EL CAMPANAZO - CARRERA 20 - HACIENDA SAN JUAN - CALLE 104B - CARRERA 56 - CARRERA 55 - LAGOS DEL CACIQUE - CALLE 70 - CARRETERA ANTIGUA - A TERRAZAS POR LA CARRERA 44 - CALLE 64 - CARRERA 45 - DIAGONAL 56 - CARRERA 36 - CALLE 34 - CARRERA 32 A - AVENIDA QUEBRADASECA - CARRERA 9 - CALLE 45 - CARRERA 8 - CALLE 44 - CARRERA 11 - CALLE 45 - DIAGONAL 15 - CARRERA 16 - CALLE 50 - CALLE 51 - CARRERA 12 - CANDILES - CALLE 51 A - CARRERA 15 - CALLE 52 - CARRERA 17 - CALLE 45 - CARRERA 9 - CALLE 33 - CARRERA 33 - CALLE 57 - CARRERA 30 - CALLE 56 - DIAGONAL 56 - CARRERA 45 EN TERRAZAS - CARRERA 44 A LA CARRETERA ANTIGUA - CALLE 70 HASTA EL PARQUEADERO EMPRESA UNITRANSA S.A. SOBRE LA TRANSVERSAL ORIENTAL.","15","19","8","5:00 a.m. - domingo y festivos 6:00 a.m.","8:00 p.m. - domingos y festivos 6:00 p.m.","30.9","BASICO","BUS / BUSETA / MICROBUS","TRINIDAD - CARRERA 33 - TERRAZAS - HACIENDA SAN JUAN","12"
"10","QUINTA ESTRELLA - REAL DE MINAS - REPOSO","PARQUEADERO UNITRANSA SOBRE LA TRANSVERSAL ORIENTAL","OPERACIÓN AUTORIZADA A UNITRANSA S.A.","C.C. CACIQUE - LA SALLE - MUTIS - ACRÓPOLIS - CALLE 45 - ÉXITO - CAMPO HERMOSO - CENTRO ABASTOS","INICIO PARQUEADERO UNITRANSA SOBRE LA TRANSVERSAL ORIENTAL - VILLA LUZ - CANCHA ALARES - REPOSO - EL CAMPANAZO - TRANSVERSAL ORIENTAL - CENTRO COMERCIAL EL CACIQUE - VIADUCTO LA FLORA - CALLE 67 - CARRERA 26 - CARRERA 17F - CALLE 61 - CIUDAD BOLÍVAR - GLORIETA DE LA CANCHA DE SOFTBOL - CARRERA 2W - CALLE 56 - MARSELLA REAL - PLAZA MAYOR - CARRERA 15 - CALLE 55 - CARRERA 17 - CALLE 45 - CAMPO HERMOSO - QUINTA ESTRELLA - CALLE 45 - CENTROABASTOS - CHIMITA - CALLE 45 - CAMPOHERMOSO - QUINTA ESTRELLA - CALLE 45 - DIAGONAL 15 - CARRERA 17 - CALLE 56 - PLAZA MAYOR - MARSELLA REAL - CALLE 56 - CARRERA 2W - GLORIETA DE SOFTBOL - CIUDAD BOLÍVAR - AVENIDA LOS ALMENDROS - CALLE 61 - INTERCAMBIADOR PUERTA DEL SOL - LAS HORMIGAS - CALLE 67 - VIADUCTO LA FLORA - TRANSVERSAL ORIENTAL - CALLE 93 - MONTERREY - TRANSVERSAL ORIENTAL - VÍA AL REPOSO - EL CAMPANAZO - CALLE 107 - CARRERA 48 - CALLE 17 - CALLE 53 - CANCHA DE ALARES - CALLE 58 - CARRERA 14C - CALLE 57 - CARRERA 16 - CALLE 57A - CARRERA 15A - CALLE 107A - EL CARMEN - TRANSVERSAL ORIENTAL - PARQUEADERO DE LA EMPRESA UNITRANSA S.A. SOBRE LA TRANSVERSAL ORIENTAL.","15","19","10","05:00:00 a.m.","06:00:00 p.m.","37.5","BASICO","BUS / BUSETA / MICROBUS","C.C. CACIQUE - CAMPO HERMOSO - ACRÓPOLIS - MUTIS - CAMPANAZO - REPOSO","20"
"11","PILOTO # 9 BAHONDO - RINCÓN - CARRERA 33","MIRADOR DE ARENALES","OPERACIÓN AUTORIZADA A UNITRANSA S.A.","BAHONDO - CENFER - LA SALLE - CARRERA 33 - HOSPITAL - ESTADIO – UIS – SAN TOTO","MIRADOR DE ARENALES - BAHONDO - CARRERA 26 - AVENIDA LOS CANEYES - RINCÓN DE GIRÓN - PUENTE PALENQUE - VIA GIRÓN BUCARAMANGA - CALLE 67 - CARRERA 33 - CALLE 14 - CARRERA 25 - CALLE 9 - CARRERA 18 - CALLE 14 - CARRERA 30 – AVENIDA - QUEBRADASECA - CARRERA 33 - CALLE 67 - VIA BUCARAMANGA - GIRÓN - RINCÓN DE GIRÓN - AVENIDA LOS CANEYES - CARRERA 26 - BAHONDO - MIRADOR DE ARENALES.","22","28","7","05:00:00 a.m.","08:30:00 p.m.","39.73","BASICO","BUS / BUSETA / MICROBUS","BAHONDO – UIS - CARRERA 33 - LA SALLE - CENFER - RINCÓN - GIRÓN","12"
"12","BAVARIA - CAFÉ - CENTRO","BAVARIA","OPERACIÓN AUTORIZADA A TRANSCOLOMBIA S.A.","CAFÉ - CENTRO - CARRERA 13 - CALLE 37","CAFÉ MADRID - SALIDA ALTERNA BAVARIA II - VILLA ALEGRÍA - HAMACAS - KENNEDY - CARRERA 12 - CALLE 15 - MINUTO DE DIOS - HOSPITAL DEL NORTE - COLSEGUROS - RAMPA - VÍA A BUCARAMANGA - CARRERA 15 - AVENIDA QUEBRADASECA - GLORIETA GIRARDOT - CARRERA 11 - CALLE 33 - CARRERA 13 - CALLE 37 - CARRERA 14 - AVENIDA QUEBRADASECA - CARRERA 15 PARA REGRESAR POR EL MISMO RECORRIDO RECORRIDO ALTERNO: SALIENDO Y LLEGANDO A BAVARIA II","10","14","10","4:50 a.m. - domingos y festivos 5:00 a.m.","8:00 p.m. - domingos y festivos 7:00 p.m.","26.68","BASICO","BUS / BUSETA / MICROBUS","(CAFÉ - CARRERA 14 - LA VIRGEN - KENNEDY - BAVARIA 2)-(CAFÉ - CARRERA 14 - LA VIRGEN - KENNEDY - CAFÉ)","12"
"13","LA FERIA - CENTRO - LA VICTORIA","LA FERIA","OPERACIÓN AUTORIZADA A UNITRANSA S.A.","LA FERIA - CENTRO - CARRERA 13 - SAN ANDRESITO LA ISLA - LA VICTORIA - PABLO VI","LA FERIA - GIRARDOT - GLORIETA DE LA CARRERA 9A CON AVENIDA QUEBRADASECA - AVENIDA QUEBRADASECA - CARRERA 11 - CALLE 33 - CARRERA 13 - CALLE 45 - DIAGONAL 15 - CARRERA 17C - CALLE 64 A - CARRERA 17 E - CALLE 65 - PABLO VI - CALLE 69 - CARRERA 21 - CALLE 65 - CARRERA 17F - CALLE 61 - CARRERA 17 - CALLE 34 - CARRERA 10 - CARRERA 9 - GLORIETA - LA FERIA","6","7","20","06:00:00 a.m.","06:00:00 p.m.","16.32","BASICO","BUS / BUSETA / MICROBUS","LA FERIA - CARRERA 17 - CENTRO - CALLE 34 - ALCALDÍA - SALESIANO","20"
"14","PUENTE TIERRA - CENTRO - CARRERA 33 - CIUDAD VALENCIA","PUENTE TIERRA","OPERACIÓN AUTORIZADA A TRANSCOLOMBIA S.A.","VALENCIA - CENTRO - CALLE 33 - CARRERA 33 - CACIQUE - PLAZA SATÉLITE - CAÑAVERAL","PUENTE TIERRA - VÍA BUCARAMANGA - CARRERA 15 - AVENIDA QUEBRADASECA - GLORIETA GIRARDOT - AVENIDA QUEBRADASECA – CARRERA 11 - CALLE 33 - CARRERA 33 - VIADUCTO LA FLORA - CARRETERA ANTIGUA - PLAZA SATÉLITE - CARRERA 12 - VILLABEL - CALLE 27 - RETORNO POR GLORIETA DE MOLINOS - CALLE 29 - C.C. CARACOLÍ - CARRERA 12 - CIUDAD VALENCIA - CARRETERA ANTIGUA - PLAZA SATÉLITE - CARRETERA ANTIGUA - VIADUCTO LA FLORA - CARRERA 33 - CALLE 36 - CARRERA 34 - CALLE 34 - CARRERA 10 - CARRERA 9 - AV. QUEBRADASECA - CARRERA15 - AL NORTE - PUENTE TIERRA","22","28","7","4:40 a.m. - domingos y festivos 6: 00 a.m.","6:30 p.m. - domingos y festivos 5:00 p.m.","47.6","BASICO","BUS / BUSETA / MICROBUS","VALENCIA - C.C. CACIQUE - CARRERA 33 - CALLE 34 - CENTRO - COLORADOS - PUENTE TIERRA","12"
"15","PILOTO # 04 BOSCONIA - LOS ÁNGELES - CHAPINERO - CENTRO - REAL DE MINAS – LA LADRILLERA","BOSCONIA","OPERACIÓN AUTORIZADA A TRANSCOLOMBIA S.A.","CHAPINERO - CARRERA 18 - CENTRO - ACRÓPOLIS – LADRILLERA.","BOSCONIA - LOS ÁNGELES - VIA MATANZA/BUCARAMANGA - LOS CUYOS - JUVENTUD - VIA BUCARAMANGA - CARRERA 15 - AVENIDA QUEBRADASECA - CARRERA 18 - AVENIDA LA ROSITA - DIAGONAL 15 - CARRERA 17 - CALLE 61 - AVENIDA BÚCAROS - PLAZA MAYOR CALLE REAL - CALLE 64 - TRANSVERSAL METROPOLITANA - PUENTE EL BUENO - TRANSVERSAL METROPOLITANA - CARRERA 15 - COLEGIO LA LIBERTAD - CALLE 105 CANCHA DANGÓND - LA LADRILLERA - RETORNO - CALLE 105 – TRANSVERSAL METROPOLITANA – PUENTE EL BUENO PARA TOMAR LA TRANSVERSAL METROPOLITANA HACIA REAL DE MINAS –CALLE 63 – CALLE 61 – CARRERA 17 – CALLE 30 – CARRERA 19 – AVDA QUEBRADA SECA – CARRERA 15 POR EL M ISMO CORREDOR PARA LLEGAR A BOSCONIA.","21","26","7","04:50:00 a.m.","07:15:00 p.m.","40.03","BASICO","BUS / BUSETA / MICROBUS","CHAPINERO - ACRÓPOLIS - CARRERA 17 - CENTRO - LA VIRGEN - JUVENTUD - BOSCONIA","12"
"17","CAFÉ - INEM","CAFÉ MADRID-BAVARIA II (DESPACHO ALTERNO)","OPERACIÓN AUTORIZADA A TRANSCOLOMBIA S.A.","INEM - CARRERA 18 - CENTRO - PUERTA DEL SOL - C.C. CACIQUE - PLAZA SATÉLITE - PROVENZA","CAFÉ MADRID - SALIDA ALTERNA BAVARIA II - VÍA BUCARAMANGA - VILLA ALEGRÍA - HAMACAS - BARRIO KENNEDY - CARRERA 15 - CALLE 26 - CARRERA 12 - CALLE 15 - MINUTO DE DIOS - HOSPITAL DEL NORTE - COLSEGUROS - RAMPA - VÍA A BUCARAMANGA - CARRERA 15 - AVENIDA QUEBRADASECA - CARRERA 18 - CALLE 55 - CARRERA 22 - CALLE 57 - CARRERA 27 - LAS HORMIGAS - PUENTE LA FLORA - CENTRO COMERCIAL CACIQUE - PLAZA SATÉLITE - DIAGONAL 105 - PUENTE PROVENZA - CALLE 105 - GLORIETA INEM - PARA RETORNAR POR LA CALLE 105 - PUENTE PROVENZA - DIAGONAL 105 - PLAZA SATÉLITE - CENTRO COMERCIAL CACIQUE - CARRERA 33 - CALLE 14 - CARRERA 25 - CALLE 9 - CARRERA 15 - COLSEGUROS - RAMPA - VÍA AL NORTE - BARRIO KENNEDY - CARRERA 12 - CALLE 26 - CARRERA 15 - VÍA BAVARIA - AL CAFÉ MADRID Y ALTERNO BAVARIA II-(DESTINO ALTERNO: COLSEGUROS - MIRAMAR - VÍA AL NORTE - VILLA ROSA - VÍA AL 
MAR - CEMENTOS - CAFÉ MADRID)","9","11","10","5:00 a.m. - domingos y festivos 6:00 a.m.","7:00 p.m. - domingos y festivos 6:00 p.m.","22.08","BASICO","BUS / BUSETA / MICROBUS","KENNEDY - BAVARIA II - PLAZA SATÉLITE - C.C. CACIQUE - CARRERA 33 - UIS - SAN TOTO - (VILLA ROSA - CAFÉ MADRID - PLAZA SATÉLITE - C.C. CACIQUE - CARRERA 33 - UIS -
SAN TOTO)","15"
"20","MONTERREDONDO - CARRERA 33 - VILLA ROSA","VILLA HELENA","OPERACIÓN AUTORIZADA A TRANSCOLOMBIA S.A.","CIUDAD NORTE - CARRERA 33 - CALLE 56 - LA ISLA - MONTERREDONDO","VILLA HELENA - VÍA BUCARAMANGA - CARRERA 15 - BOULEVARD BOLÍVAR - CALLE 14 - CARRERA 30 - AVENIDA QUEBRADASECA - CARRERA 33 - CALLE 56 - CARRERA 17A - CALLE 61 - CANELOS - CALLE 64 - CARRERA 10 - CALLE 65 A MONTERREDONDO - GLORIETA DEL MUTIS - CALLE 64A - CALLE 64 - CANELOS - CARRERA 8 - CALLE 64 - AVENIDA BÚCAROS - ACRÓPOLIS - AV. SAMANES - CARRERA 15 - CALLE 55 - CARRERA 23 - CALLE 54 - CARRERA 27 - CALLE 48 - CARRERA 33 - HOSPITAL UNIVERSITARIO - CARRERA 32A - CALLE 14 - GLORIETA ESTADIO - CARRERA 30 - CALLE 10 - UIS - CALLE 9 - CARRERA 15 - VÍA AL MAR - BIENESTAR FAMILIAR - JUVENTUD - SAN CRISTÓBAL - LOS CUYOS - VÍA MATANZA - VILLA HELENA","9","11","15","4:50 a.m. - domingos y festivos 6:00 a.m.","6:00 p.m. - domingos y festivos 5:00 p.m.","29.91","BASICO","BUS / BUSETA / MICROBUS",,"20"
"21","NORTE CAFÉ - ESTORAQUES","COLORADOS","OPERACIÓN AUTORIZADA A TRANSCOLOMBIA S.A.","CIUDAD NORTE - CARRERA 33 - CALLE 56 - LA ISLA - MUTIS ACRÓPOLIS - ESTORAQUES","COLORADOS - CAFÉ MADRID - KENNEDY - HOSPITAL DEL NORTE - LA RAMPA - VÍA BUCARAMANGA - CARRERA 15 - CALLE 11 - CARRERA 17 - CALLE 8 - CARRERA 24 - CALLE 14 - CARRERA 30 - AVENIDA QUEBRADASECA - CARRERA 33 - CALLE 56 - PLAZA MAYOR - CALLE 55 - MARSELLA - CARRERA 3 - CALLE 55 - CARRERA 8W - CALLE 60 A ESTORAQUES - CALLE 60 - CARRERA 8W - CALLE 62 - CARRERA 2W - CALLE 55 - MARSELLA - PLAZA MAYOR - AV. SAMANES - CARRERA 15 - CALLE 55 - CARRERA 23 - CALLE 54 - CARRERA 27 - CALLE 48 - CARRERA 33 - AVENIDA QUEBRADASECA - CARRERA 25 - CALLE 9 - CARRERA 15 - COLSEGUROS - MINUTO DE DIOS - HOSPITAL DEL NORTE - CARRERA 10 KENNEDY - AL CAFÉ MADRID - COLORADOS","21","26","7","4:40 a.m. - domingos y festivos 5:40 a.m..","7:30 p.m. - domingos y festivos 5:30 p.m.","48.55","BASICO","BUS / BUSETA / MICROBUS","CIUDAD NORTE - CARRERA 33 - UIS - SAN TOTO - KENNEDY - CAFÉ - COLORADOS","12"
"22","MARÍA PAZ - CENTRO - PLAZA MAYOR","MARÍA PAZ","OPERACIÓN AUTORIZADA A COTRANDER","MARÍA PAZ - CRA 18 - CENTRO - ACRÓPOLIS - PLAZA MAYOR","MARÍA PAZ - COLSEGUROS - MINUTO DE DIOS - RAMPA - VÍA BUCARAMANGA - CARRERA 15 - AVENIDA QUEBRADASECA - CARRERA 18 - LA ROSITA - CALLE 56 - PLAZA MAYOR - GLORIETA - CENTRO COMERCIAL ACRÓPOLIS - CALLE 56 - CARRERA 15 - CALLE 55 - CARRERA 17 - CALLE 30 - CARRERA 19 - AVENIDA QUEBRADASECA - CARRERA 15 AL NORTE - MARÍA PAZ","4","5","20","06:00:00 a.m.","06:00:00 p.m.","16","BASICO","BUS / BUSETA / MICROBUS","MARÍA PAZ - CENTRO - CR17 - LA VIRGEN - COLSEGUROS NORTE","30"
"23","PILOTO #5 VILLA ROSA - REAL DE MINAS - ROCÍO","VILLA ROSA","OPERACIÓN AUTORIZADA A TRANSCOLOMBIA S.A.","VILLA ROSA - CARRERA 18 - CENTRO - CALLE 61 - TERMINAL – ROCÍO -PORVENIR","VILLA HELENA - VILLA ROSA - VÍA BUCARAMANGA - CARRERA 15 - AVENIDA QUEBRADASECA - CARRERA 18 - LA ROSITA - DIAGONAL 15 - CARRERA 17 - CALLE 61 - CALLE 64 - TRANSVERSAL METROPOLITANA - PUENTE EL BUENO - TRANSVERSAL METROPOLITANA - CARRERA 15 - COLEGIO LA LIBERTAD - CARRERA 15D - CALLE 105 LA PETACA – PORVENIR – CALLE 104 G - CARRERA 15 - CALLE 7 – CARRERA 8 –EL MOLINO – CALLE 105 - TRANSVERSAL METROPOLITANA - PUENTE EL BUENO - TRANSVERSAL METROPOLITANA – CARRERA 6ª - CALLE 64 – CARRERA 5 – CALLE REAL – CALLE 61 – AVENIDA BUCAROS CALLE 61 - CARRERA 17 - CALLE 30 - CARRERA 19 - AVENIDA QUEBRADASECA - CARRERA 15 AL NORTE - VILLA ROSA - VILLA HELENA. POR EL MISMO RECORRIDO","21","26","7","05:00:00 a.m.","07:00:00 p.m.","37.7","BASICO","BUS / BUSETA / MICROBUS","VILLA ROSA - TERMINAL - CARRERA 17 - CENTRO - LA VIRGEN - VILLA HELENA","12"
"24","COLORADOS - REAL DE MINAS - MUTIS","COLORADOS-PABLÓN (DESPACHOS ALTERNOS)","OPERACIÓN AUTORIZADA A TRANSCOLOMBIA S.A.","ESTORAQUES - CRA 13 - CENTRO - ACRÓPOLIS - MUTIS - MANZANARES","PABLÓN - ALTERNANDO CON SALIDA DE COLORADOS - LIMONCITO - VÍA BUCARAMANGA - CARRERA 15 - AVENIDA QUEBRADASECA - GLORIETA GIRARDOT - AV. QUEBRADASECA - CARRERA 13 - CALLE 45 - DIAGONAL 15 - CARRERA 17 - CALLE 56 - PLAZA MAYOR - CALLE REAL - CARRERA 3 - CALLE 55 - CARRERA 8W - CALLE 60 - ESTORAQUES - CARRERA 8W - CALLE 62 - CARRERA 2W - RETORNO MONTERREDONDO - CARRERA 2W - CALLE 55 - AVENIDA BÚCAROS MARSELLA REAL - PLAZA MAYOR - AVENIDA LOS SAMANES - CARRERA 15 - CALLE 55 - CARRERA 17 - CALLE 31 - CARRERA 19 - AVENIDA QUEBRADASECA - CARRERA 15 - COLSEGUROS NORTE - HOSPITAL DEL NORTE - KENNEDY - VÍA AL MAR HACIA TERMINAL DE COLORADOS","21","26","7","04:40:00 a.m.","07:30:00 p.m.","47.84","BASICO","BUS / BUSETA / MICROBUS","ESTORAQUES - CRA 17 - CENTRO - LA VIRGEN - KENNEDY COLORADOS - PABLÓN (REGRESO) ESTORAQUES - CRA 17 - CENTRO - LA VIRGEN - KENNEDY COLORADOS (REGRESO)","12"
"25","PILOTO # 3 BETANIA - REAL DE MINAS – INEM -FOSUNAB","BETANIA","OPERACIÓN AUTORIZADA A COTRANDER","BETANIA - CARRERA 13 - CENTRO - CALLE 61 - TERMINAL - INEM FOSUNAB","BETANIA ETAPA 11 - VILLA ALÉGRIA - KENNEDY - CARRERA 12 - VÍA BUCARAMANGA CARRERA 15 AVENIDA QUEBRADASECA - GLORIETA GIRARDOT AVENIDA QUEBRADASECA - CARRERA 13 - CALLE 45 - DIAGONAL 15 - CARRERA 17 - GASORIENTE - CALLE 61- CALLE 64 - TRANSVERSAL METROPOLITANA - PUENTE EL BUENO - TRANSVERSAL METROPOLITANA - CARRERA 15 - CARRERA 16 - CALLE 105 - PARALELA EL BOSQUE - SEMÁFOROS PARQUE LAS IGUANAS - CORREDOR CONEXIÓN BOSQUE TAYRONA 2 - CALLE 158 - FOSUNAB TRANSVERSAL EL BOSQUE 154 - PARALELA AUTOPISTA FLORIDABLANCA BUCARAMANGA - PUENTE PROVENZA CALLE 105 - CARRERA 16 - CARRERA 15 TRANSVERSAL METROPOLITANA - PUENTE EL BUENO - TRANSVERSAL METROPOLITANA CALLE 63 - CARRERA SA - CALLE 64 - CALLE 61 - CARRERA 17 - CALLE 30 - CARRERA 19 - AVENIDA QUEBRADASECA - CARRERA 15 - AL NORTE POR EL MISMO RECORRIDO.","19","24","8","05:00:00 a.m.","07:00:00 p.m.","40","BASICO","BUS / BUSETA / MICROBUS","BETANIA – TERMINAL - CALLE 61 - CARRERA 17 - CENTRO - LA VIRGEN - KENNEDY","12"
"26","CUMBRE - EL CARMEN - TRANSVERSAL - CARRERA 33","VILLA HELENA SUR","OPERACIÓN AUTORIZADA A COTRANDER","LA CUMBRE - CARRERA 33 - MEGAMALL - BATALLÓN - ESTADIO - SAN FRANCISCO","VILLA HELENA SUR - LA CUMBRE - A TOMAR LA TRANSVERSAL ORIENTAL - EL CARMEN - CONTINUANDO POR LA TRANSVERSAL ORIENTAL HASTA LA CARRERA 33 - CARRERA 33A - CALLE 14 - BOULEVARD SANTANDER - RETORNO GLORIETA SAN FRANCISCO - BOULEVARD BOLÍVAR - CARRERA 19 - CALLE 9 – CARRERA 18 - CALLE 14 - CARRERA 33A - CARRERA 33 - VIADUCTO LA FLORA - C.C. CACIQUE - TRANSVERSAL ORIENTAL - EL CARMEN - LA CUMBRE - VILLA HELENA SUR","22","27","6","05:00:00 a.m.","08:30:00 p.m.","26","BASICO","BUS / BUSETA / MICROBUS","LA CUMBRE - EL CARMEN - CARRERA 33 - C.C. CACIQUE - SANTA BÁRBARA - FÁTIMA","10"
"27","CARACOLÍ - CARRETERA ANTIGUA - CARRERA 33 - CENTRO","CARACOLÍ","LUSITANIA S.A.",,"CARACOLÍ - VÍA PRINCIPAL BUCARICA - BELLAVISTA - CARRETERA ANTIGUA - VIADUCTO LA FLORA - CARRERA 33 - CALLE 34 - CARRERA 10 - CALLE 33 - CARRERA 13 - CALLE 41 - CARRERA 17 - CALLE 37 - CARRERA 23 - CALLE 33 - CARRERA 33 - VIADUCTO LA FLORA - TRANSVERSAL ORIENTAL - EL CACIQUE MONTERREY - CARRETERA ANTIGUA - BUCARICA - TERMINAL CARACOLÍ","18","20","6",,,"25.54","BASICO","BUS / BUSETA / MICROBUS",,"6"
"28","LAURELES - OASIS - REPOSO - CARRETERA ANTIGUA - GONZALES VALENCIA - CARRERA 
16 - CENTRO","LAURELES","LUSITANIA S.A.","LAURELES - OASIS - REPOSO - CARRETERA ANTIGUA - GONZALES VALENCIA - CARRERA 16 - CENTR","LAURELES - JOSÉ A MORALES - VILLA LUZ - EL REPOSO - LA TRINIDAD - CAMPANAZO - ZAPAMANGA 4 ETAPA - ALTO VIENTO - ZAPAMANGA 1 ETAPA - CARRETERA ANTIGUA - PLAZA SATÉLITE - EL CACIQUE - MONTERREY - TRANSVERSAL ORIENTAL - VIADUCTO LA FLORA - CARRERA 33 - CALLE 62 - CARRERA 32 - AVENIDA GONZÁLEZ VALENCIA - CALLE 45 - CARRERA 16 - CALLE 30 - CARRERA 17 - AV. QUEBRADASECA - GLORIETA DE LA CARRERA 9 PARA TOMAR LA CARRERA 11 - CALLE 33 - CARRERA 13 - CALLE 41 - CARRERA 17 - CALLE 37 - CARRERA 23 - CALLE 36 - CARRERA 29 - CALLE 41 AVENIDA GONZALES VALENCIA - CARRERA 32 - CALLE 63 - CARRERA 33 - VIADUCTO LA FLORA - TRANSVERSAL ORIENTAL - EL CACIQUE MONTERREY - CARRETERA ANTIGUA - ZAPAMANGA 1 ETAPA - ALTO VIENTO - ZAPAMANGA 4 ETAPA - CAMPANAZO - TRINIDAD - REPOSO - VILLA LUZ - JOSÉ A MORALES - LAURELES","16","17","6",,,"22.4","BASICO","BUS / BUSETA / MICROBUS",,"6"
"28A","CUMBRE - REPOSO - CARRERA 36","LA CUMBRE","LUSITANIA S.A.","CUMBRE - REPOSO - CARRERA 36","LA CUMBRE (CALLE 28 CON CARRERA 7E) - CARRERA 8E - CALLE 30 - CARRERA 7E - CALLE 31 - CARRERA 10E - CALLE 30 - TRANSVERSAL ORIENTAL - EL CARMEN - A JOSÉ A. MORALES POR LA CALLE 48 - VILLA LUZ - DIAGONAL 17 AL OASIS - CALLE 53 - CARRERA 13 A LA CANCHA DE ALARES - CALLE 58 - CARRERA 16 - CARRERA 14A - CALLE 57 - CARRERA 16 - CALLE 58 - CARRERA 15A - CARRERA 15B - CALLE 107A - EL CAMPANAZO - TRANSVERSAL ORIENTAL - EL CACIQUE - VIADUCTO LA FLORA – CALLE 56 - CARRERA 36 - CALLE 34 - CARRERA 33 - HOSPITAL - AV. QUEBRADASECA - CARRERA 32A - CALLE 14 - CARRERA 30 - AVENIDA QUEBRADASECA - CARRERA 32 A – HOSPITAL - CARRERA 33 - VIADUCTO LA FLORA - EL CACIQUE - TRANSVERSAL ORIENTAL - EL CAMPANAZO - Y REGRESAR POR EL MISMO RECORRIDO A LA CUMBRE","20","22","4",,,"19.2","BASICO","BUS / BUSETA / MICROBUS","CARRERA 33 – REPOSO - CUMBRE","4"
"29","ESTORAQUES – PINOS","ESTORAQUES","ORIENTAL DE TRANSPORTES S.A.","ESTORAQUES - PINOS","ESTORAQUES - CALLE 60 - CARRERA 8W - CALLE 62 - CARRERA 2W - CALLE 63A - CARRERA 3 - NARANJOS - CALLE 55 - MARSELLA - PLAZA MAYOR - CALLE 56 - CARRERA 15 - CALLE 55 - CARRERA 17 - CALLE 37 - CARRERA 19 - CALLE 33 - CARRERA 31 - CALLE 32 - CARRERA 33A - LOS PINOS - CALLE 14 - CARRERA 25 - CALLE 9 - CARRERA 15 - CALLE 29 - CARRERA 13 - CALLE 45 - DIAGONAL 15 - CARRERA 17 - A CONTINUAR POR EL MISMO CORREDOR","17","21","7",,,"21.7","BASICO","BUS / BUSETA / MICROBUS","PINOS - ESTORAQUES","7"
"30","MIRADOR DE ARENALES - POBLADO - CENTRO - CARRERA 22","MIRADOR DE ARENALES","TRANSPORTES GIRÓN S.A.","MIRADOR DE ARENALES - POBLADO - CENTRO - CARRERA 22","CIUDADELA NUEVO GIRÓN - CALLE 3 - MIRADOR DE ARENALES - CALLE 10 - CARRERA 26 - PUENTE LENGUERKE - CARRERA 23 - CALLE 44 - CARRERA 26 - GLORIETA EL POBLADO - CALLE 43 - VÍA GIRÓN BUCARAMANGA - INTERCAMBIADOR PUERTA DEL SOL - DIAGONAL 15 - CARRERA 21 - CALLE 50 - CARRERA 17 - CALLE 8 - CARRERA 22 - CALLE 57 - INTERCAMBIADOR DE LA PUERTA DEL SOL - VÍA BUCARAMANGA GIRÓN - POBLADO - CALLE 43 - GLORIETA EL POBLADO - CALLE 43 - CARRERA 23 - PTE. LENGUERKE - CARRERA 26 - VILLAS - MIRADOR DE ARENALES - CIUDADELA NUEVO GIRÓN","20","22","9",,,"34.9","BASICO","BUS / BUSETA / MICROBUS",,"9"
"31","BAHONDO - CARRERA 33","MIRADOR DE ARENALES","TRANSPORTES GIRÓN S.A.","BAHONDO - POBLADO - CARRERA 33 – UIS","MIRADOR DE ARENALES - CALLE 10 - CARRERA 26 - PUENTE LENGUERKE - CARRERA 23 - CALLE 44 - CARRERA 26 - GLORIETA EL POBLADO - CALLE 43 - VÍA GIRÓN BUCARAMANGA - CALLE 67 - CARRERA 33 - CALLE 14 - CARRERA 23 - CALLE 9 - CARRERA 18 - AV. LA ROSITA - DIAGONAL 15 - CARRERA 17 - CALLE 56 PLAZA MAYOR- CALLE 61 - PUENTE EL BUENO - VÍA BUCARAMANGA GIRÓN - PUENTE PALENQUE - EL POBLADO - CALLE 43 - GLORIETA DEL POBLADO - CALLE 43 - CARRERA 23 - CALLE 27 - PUENTE LENGUERKE - CALLE 26 - CARRERA 26 - CALLE 10 - MIRADO DE ARENALES","24","27","7",,,"35.2","BASICO","BUS / BUSETA / MICROBUS",,"7"
"32","BELLAVISTA - POBLADO - REAL DE MINAS - UIS","ELOY VALENZUELA","TRANSPORTES GIRÓN S.A.","BELLAVISTA - POBLADO - REAL DE MINAS - UIS","BELLAVISTA - PARAÍSO - ELOY VALENZUELA - LA ALDEA - CARRERA 36 - CALLE 28 A - CALLE 28 - CARRERA 27 - CALLE 49 - VÍA GIRÓN BUCARAMANGA - PUENTE EL BUENO - TRANSVERSAL METROPOLITANA - BARRIO BUCARAMANGA - CALLE 64 - CALLE 61 - CARRERA 17 - CALLE 55 - CARRERA 21 - BOULEVARD SANTANDER - CALLE 16 - GLORITA DE LA CARRERA 30 CON CALLE 14 - CALLE 14 - CARRERA 25 - CALLE 9 - CARRERA 18 - AVENIDA QUEBRADASECA - CARRERA 13 - CALLE 45 - DIAGONAL 15 - CARRERA 17 - CALLE 61 - CIUDAD BOLÍVAR - TRANSVERSAL METROPOLITANA - PUENTE EL BUENO - VÍA BUCARAMANGA GIRÓN - PUENTE PALENQUE - EL POBLADO - CALLE 43 - GLORIETA DEL POBLADO - CALLE 43 - CARRERA 23 - CALLE 27 - LA CAMPIÑA - BARRIO ELOY VALENZUELA - PARAÍSO - BELLAVISTA","12","13","7",,,"31.9","BASICO","BUS / BUSETA / MICROBUS",,"7"
"33","CARACOLÍ","CARACOLÍ","OPERACIÓN AUTORIZADA A COTRANDER","CARACOLÍ - CARRERA 33 - CALLE 34 - CENTRO - GOBERNACIÓN - CAMPO HERMOSO","CARACOLÍ - VÍA PRINCIPAL BUCARICA - BELLAVISTA - CARRETERA ANTIGUA - VIADUCTO LA FLORA - CARRERA 33 - CALLE 36 - CARRERA 32 - CALLE 34 - CARRERA 9 - CALLE 45 - CAMPO HERMOSO - QUINTA ESTRELLA - RETORNO - CALLE 45 - CARRERA 16 - CALLE 37 - CARRERA 23 - CALLE 33 - CARRERA 33 - VIADUCTO LA FLORA - CARRETERA ANTIGUA - BELLAVISTA - VÍA PRINCIPAL BUCARICA – CARACOLÍ.","19","24","7","05:00:00 a.m.","07:30:00 p.m.","29.17","BASICO","BUS / BUSETA / MICROBUS","CARACOLÍ - CARRERA 33 - CC CACIQUE - PLAZA SATÉLITE - BELLAVISTA - BUCARICA","12"
"34","BAHONDO - POBLADO - CALLE 45 - CARRERA 33","MIRADOR DE ARENALES","OPERACIÓN AUTORIZADA A UNITRANSA S.A.","POBLADO - CALLE 45 - CARRERA 33 - ESTADIO","MIRADOR DE ARENALES - CARRERA 20 - CALLE 10B - VILLAS DE SAN JUAN - CARRERA 26 - AVENIDA CANEYES - RETORNO PUENTE LENGUERKE - POBLADO - CARRERA 23 - CALLE 44 - CARRERA 27 - CALLE 43 - VÍA NACIONAL HACIA PUENTE PALENQUE - VÍA CHIMITÁ - CALLE 45 - CALLE 48 - CARRERA 33 - CALLE 14 - CARRERA 30 - AV. QUEBRADASECA - CARRERA 33 - CALLE 45 - VÍA CHIMITA - PTE. PALENQUE - POBLADO - CALLE 43 - CARRERA 26 - CALLE 33 CARRERA 23 - PUENTE LENGUERKE - CARRERA 26 - GIRA POR VILLAS DE SAN JUAN POR LA CALLE 10B - CARRERA 20 - MIRADOR DE ARENALES.","21","26","7","05:00:00 a.m.","08:00:00 p.m.","42.84","BASICO","BUS / BUSETA / MICROBUS","BAHONDO - POBLADO - CALLE 45 - CAMPO HERMOSO - ABASTOS - MIRADOR DE ARENALES","12"
"35","BAHONDO - RINCÓN - REAL DE MINAS - UIS","BAHONDO","TRANSPORTES PIEDECUESTA S.A","RINCÓN - REAL DE MINAS - CARRERA 17 - CENTRO - SAN TOTA - UDI - CRA 22 ACRÓPOLIS - GIRÓN - RINCÓN - MIRADOR.","BAHONDO - CARRERA 20 - CALLE 10 B - CARRERA 26 - AVENIDA LOS CANEYES –ANILLO VIAL - RINCÓN DE GIRÓN - PUENTE PALENQUE - VÍA GIRÓN BUCARAMANGA - PUENTE EL BUENO - TRANSVERSAL METROPOLITANA - CALLE 65 – CALLE 64 – CALLE 61 - CARRERA 17 - CALLE 33 - CARRERA 19 - CALLE 8 - CARRERA 24 - CALLE 14 - GLORIETA DEL ESTADIO - CALLE 14 - BOULEVARD SANTANDER - CARRERA 22 - CALLE 56 - AVENIDA SAMANES - PLAZA MAYOR - CALLE REAL - CARRERA 5 - CALLE 64 – CALLE 65 - TRANSVERSAL METROPOLITANA - PUENTE EL BUENO - VÍA BUCARAMANGA GIRÓN - PUENTE PALENQUE - RINCÓN DE GIRÓN - AVENIDA LOS CANEYES - CARRERA 26 - CALLE 10 B - CARRERA 20 – BAHONDO.","5","6","15","05:00:00 a.m.","06:30:00 p.m.","34.7","BASICO","BUS / BUSETA / MICROBUS",,"18"
"36","PILOTO # 01 IGSABELAR","GONZALEZ CHAPARRO","COTRANDER","IGSABELAR – AUTOPISTA –CARRERA 33 – GUARÍN –BATALLON – ESTADIO",,"10","13","8","05:00:00 a.m.","07:30:00 p.m.","22","BASICO","BUS / BUSETA / MICROBUS",".IGSABELAR – PIENTE LA FLORA – CACIQUE – PLAZA SATELITE – AUTOPISTA – CAÑAVERAL – B. LA PAZ –","12"
"37","BRISAS DEL CAMPO - RINCÓN - UIS","BRISAS DEL CAMPO","METROPOLITANA DE SERVICIOS S.A.","BRISAS DEL CAMPO - RINCÓN - UIS","BRISAS DEL CAMPO - - LAS PALOMAS - CARRERA 26 - AVENIDA LOS CANEYES - PUENTE PALENQUE - VÍA GIRÓN BUCARAMANGA - INTERCAMBIADOR PUERTA DEL SOL - DIAGONAL 15 - CARRERA 21 - BOULEVARD SANTANDER - CALLE 16 - GLORIETA DE LA CARRERA 30 CON CALLE 14 - CALLE 14 - CARRERA 25 - CALLE 9 - CARRERA 18 - CALLE 55 - CARRERA 22 - CALLE 57 - CARRERA 27 - INTERCAMBIADOR PUERTA DEL SOL PARA REGRESAR POR EL MISMO CORREDOR","11","13","9",,,"36.3","BASICO","BUS / BUSETA / MICROBUS",,"9"
"38","CAFÉ - PALENQUE - PUERTA DEL SOL - UIS","COLORADOS","METROPOLITANA DE SERVICIOS S.A.","COLORADOS - PALENQUE - PUERTA DEL SOL - UIS","COLORADOS – CEMENTO – BAVARIA - CAFÉ MADRID - VÍA CAFÉ MADRID GIRÓN - PUENTE PALENQUE - VÍA GIRÓN BUCARAMANGA - INTERCAMBIADOR PUERTA DEL SOL - DIAGONAL 15 - CARRERA 21 - CALLE 50 - CARRERA 17 - CALLE 45 - CARRERA 14 - AVENIDA QUEBRADASECA - CARRERA 15 - BOULEVARD SANTANDER - CALLE 16 A LA GLORIETA DE LA CARRERA 30 CON CALLE 14 - CALLE 14 - CARRERA 25 - CALLE 9 - CARRERA 24 - BOULEVARD SANTANDER - CARRERA 15 - AVENIDA QUEBRADASECA - CARRERA 9 - CALLE 45 - DIAGONAL 15 - CALLE 55 A - CARRERA 16 - CALLE 55 - CARRERA 17 C - CALLE 61 - INTERCAMBIADOR PUERTA DEL SOL - VÍA BUCARAMANGA GIRÓN - INTERCAMBIADOR PUENTE PALENQUE - VÍA AL CAFÉ MADRID - BAVARIA – COLORADOS","12","14","10",,,"58.4","BASICO","BUS / BUSETA / MICROBUS",,"10"
"39","BRISAS DEL CAMPO - RINCÓN - REAL DE MINAS - UIS","BRISAS DEL CAMPO","ORIENTAL DE TRANSPORTES S.A.","BRISAS DEL CAMPO - RINCÓN - REAL DE MINAS - UIS","BRISAS DEL CAMPO - PISCINAS - CONSUELO - CALLE 108 - VILLA DE SAN JUAN - CARRERA 26 - AVENIDA LOS CANEYES - RINCÓN DE GIRÓN - PUENTE PALENQUE - VÍA GIRÓN BUCARAMANGA - PUENTE EL BUENO - TRANSVERSAL METROPOLITANA - CALLE 64 - CALLE 61 - CARRERA 17 - BOULEVARD SANTANDER - CALLE 16 A LA GLORIETA DE LA CARRERA 30 - CALLE 14 - CARRERA 25 - CALLE 9 - CARRERA 24 - BOULEVARD SANTANDER - CARRERA 15 – CALLE 29 - CARRERA 13 - CALLE 45 - DIAGONAL 15 - CARRERA 17 - CALLE 61 A LA TRANSVERSAL METROPOLITANA PARA REGRESAR POR EL MISMO CORREDOR","18","23","8",,,"32.2","BASICO","BUS / BUSETA / MICROBUS",,"8"
"40","CAMPIÑA - POBLADO - CARRERA 33","LA CAMPIÑA","COOTRAGAS CTA.","CAMPIÑA - POBLADO - CARRERA 33","CARRERA 34 CON CALLE 36 BARRIO ALDEA ALTA - CALLE 28 - CARRERA 27 - CALLE 29 - CARRERA 23 - CALLE 39 - CARRERA 26 - CALLE 43 - GLORIETA DEL POBLADO - VÍA GIRÓN BUCARAMANGA - CALLE 67 - CARRERA 33 - BARRIO LOS PINOS - CALLE 14 -BOULEVARD SANTANDER - CARRERA 15 - CALLE 29 - CARRERA 13 - CALLE 45 - AV. GONZALES VALENCIA CARRERA 32 - CALLE 63 - CARRERA 33 - REGRESO POR LA CARRERA 33 CALLE 67 A REGRESAR POR EL MISMO CORREDOR","13","14","10",,,"24.3","BASICO","BUS / BUSETA / MICROBUS",,"10"
"41","CARACOLÍ - TRANSVERSAL ORIENTAL – HIPINTO - CARRERA 21 - CENTRO","CARACOLÍ","LUSITANIA S.A.",,"CARACOLÍ - TRANSVERSAL ORIENTAL - VIADUCTO LA FLORA - CALLE 67 - INTERCAMBIADOR PUERTA DEL SOL - DIAGONAL 15 - CARRERA 21 - CALLE 34 - CARRERA 10 - CALLE 33 - CARRERA 18 - CALLE 55 - CARRERA 22 - CALLE 57 - INTERCAMBIADOR PUERTA DEL SOL - PARQUE LAS HORMIGAS - CALLE 67 - VIADUCTO LA FLORA - TRANSVERSAL ORIENTAL - CARACOLÍ","10","11","9",,,"21.8","BASICO","BUS / BUSETA / MICROBUS",,"9"
"42","LA MESETA - RINCÓN DE GIRÓN - REAL DE MINAS - CENTRO - UIS","LA MESETA","ORIENTAL DE TRANSPORTES S.A.","LA MESETA - RINCÓN DE GIRÓN - REAL DE MINAS - CENTRO - UIS LA MESETA - POBLADO - REAL DE MINAS - CENTRO - UIS","HACIENDA LA MESETA - MIRADOR DE ARENALES - CARRERA 26 - AVENIDA CANEYES - RINCÓN DE GIRÓN - VÍA GIRÓN BUCARAMANGA - PUENTE EL BUENO - TRANSVERSAL METROPOLITANA - CALLE 63 - CARRERA 2 - CALLE 64 - CARRERA 5 - PLAZA MAYOR - AV. SAMANES - CARRERA 15 - CALLE 55 - CARRERA 21 - BOULEVARD SANTANDER - CALLE 16 - GLORIETA DE LA CARRERA 30 CON CALLE 14 - CALLE 14 - CARRERA 25 - CALLE 9 - CARRERA 15 - AVENIDA QUEBRADASECA - CARRERA 9 - CALLE 45 - DIAGONAL 15 - CARRERA 17 - CALLE 56 - AV. SAMANES - PLAZA MAYOR - CALLE REAL - CARRERA 5 - CALLE 61 - CIUDAD BOLÍVAR - TRANSVERSAL METROPOLITANA - PUENTE EL BUENO - VÍA BUCARAMANGA GIRÓN - PUENTE PALENQUE - RINCÓN DE GIRÓN - AVENIDA CANEYES - CARRERA 26 - BAHONDO - MIRADOR DE ARENALES - LA MESETA","10","12",,,,"37.45","BASICO","BUS / BUSETA / MICROBUS",,
"43","LA MESETA - POBLADO - REAL DE MINAS - CENTRO - UIS - CARRERA 33.","LA MESETA","ORIENTAL DE TRANSPORTES S.A.","LA MESETA - POBLADO - REAL DE MINAS - CARRERA 21 - ESTADIO - CARRERA 33 - POBLADO - MIRADOR DE ARENALES –MESETA","HACIENDA LA MESETA –MIRADOR DE ARENALES - CARRERA 26 – PUENTE LENGUERKE - CARRERA 23 - CALLE 44 - CARRERA 26 - GLORIETA DEL POBLADO - CALLE 43 - VÍA GIRÓN BUCARAMANGA - PUENTE EL BUENO - TRANSVERSAL METROPOLITANA - CALLE 63 - CARRERA 2 - CALLE 64 - CARRERA 5 - PLAZA MAYOR - AV. SAMANES - CARRERA 15 - CALLE 55 - CARRERA 21 - BOULEVARD SANTANDER - CALLE 14 - GLORIETA DE LA CARRERA 30 - CON CALLE 14 - CALLE 14 - CARRERA 33ª - CARRERA 33 - CALLE 67 - HIPINTO - VÍA BUCARAMANGA GIRÓN - PUENTE PALENQUE - POBLADO - CALLE 43 - GLORIETA EL POBLADO - CALLE 43 - CARRERA 23 - PTE. LENGUERKE - CARRERA 26 - BAHONDO - MIRADOR DE ARENALES - LA MESETA.","10","12","8",,,"17.7","BASICO","BUS / BUSETA / MICROBUS",,"8"
"44","FLORIDA - TERMINAL - GIRÓN","ANTIGUO MATADERO DE FLORIDA","TRANSPORTES SAN JUAN S.A.","PROVENZA – INEM – TERMINAL –TRANSITO – CENFER – GIRÓN – POBLADO – MIRADOR DE ARENALES – PROVENZA INEM – PORVENIR – MALPASO – RINCÓN DE GIRON – POBLADO.","TERMINAL - ANTIGUO MATADERO DE FLORIDA - CARRERA 6 - CALLE 10 - CARRERA 8 - COLEGIO QUINTA DEL PUENTE - CALLE 205 - CARRERA 40 - CARRERA 15 LIMONCITO - CALLE 4 - CARRERA 11 - AVENIDA BUCARICA - CARRETERA ANTIGUA - PLAZA SATÉLITE DEL SUR - DIAGONAL 106 - PUENTE PROVENZA - CALLE 105 - CARRERA 16 - TERMINAL DE TRANSPORTES - PUENTE EL BUENO - VÍA BUCARAMANGA/GIRÓN - INTERCAMBIADOR - VÍA GIRÓN/LEBRIJA - INTERCAMBIADOR DEL POBLADO - CALLE 43 - CARRERA 23 - PUENTE LENGUERKE - CARRERA 26 – CALLE 3ª BAHONDO – CARRERA 20 - CALLE 10B – CARRERA 18 – CARRERA 18B – CARRERA 19ª – GLORIETA CONSUELO – CARRERA 22 - CARRERA 19 - AVENIDA CANEYES - RINCÓN DE GIRÓN - INTERCAMBIADOR PALENQUE - VÍA GIRÓN/BUCARAMANGA - PUENTE EL BUENO - TERMINAL DE TRANSPORTES - CARRERA 16 - CALLE 105 - PUENTE PROVENZA - CARRETERA ANTIGUA - AVENIDA BUCARICA - CARRERA 11 - CALLE 3 - CARRERA 15 LIMONCITO - CALLE 204 LOS ANDES - CARRERA 8 - CALLE 8 - CARRERA 6 CON CALLE 10 – TERMINAL. RECORRIDO ALTERNO: EN PROVENZA - CALLE 105 – CARRERA 15 – CALLE 104 – CALLE 105 – VÍA MAL PASO – ANILLO VIAL SENTIDO FLORIDABLANCA GIRÓN – INTERCAMBIADOR PALENQUE DONDE CONECTA CON LA RUTA 44 – VIA GIRÓN / LEBRIJA - INTERCAMBIADOR DEL POBLADO - CALLE 43 - CARRERA 23 - PUENTE LENGUERKE - CARRERA 26 – VILLAS DE SAN JUAN – CALLE 10B – CARRERA 18B – CARRERA 19ª – GLORIETA CONSUELO – CALLE 14B – CARRERA 17 – URBANIZACIÓN SAN JORGE – ANILLO VÍAL – RETORNO MAKRO ZONA FRANCA – ANILLO VIAL – VIA MAL PASO – CARRERA 15 – CALLE 104 – CALLE 105 – DONDE CONECTA CON RUTA 44","24","30","10",,,"26","BASICO","BUS / BUSETA / MICROBUS","PROVENZA – TERMINAL – INEM – PLAZA SATELITE – VILLABEL – BUCARICA – FLORIDA – GLORIETA CONSUELO – ZONA FRANCA – RETORNO MACRO – MALPASO – PORVENIR – PROVENZA – PLAZA SATELITE – FLORIDABLANCA.","15"
"45","MIRADOR DE ARENALES - POBLADO - REAL DE MINAS - CARRERA 36 - UIS","MIRADOR DE ARENALES","TRANSPORTES SAN JUAN S.A","MIRADOR DE ARENALES - POBLADO - REAL DE MINAS - UIS","MIRADOR DE ARENALES - CARRERA 12 - CALLE 10 - BARRIO VILLAS DE SAN JUAN - CARRERA 26 - CALLE 26 - PUENTE LENGUERKE - CARRERA 23 - CALLE 44 - CARRERA 26 - GLORIETA EL POBLADO - CALLE 43 - VÍA GIRÓN BUCARAMANGA - PUENTE EL BUENO - TRANSVERSAL METROPOLITANA - CALLE 63 - RETORNANDO POR LA CALLE 64 A TOMAR LA CARRERA 5 - CALLE REAL - PLAZA MAYOR - CALLE 56 - CARRERA 36 - CALLE 34 - CARRERA 33 - CALLE 14 - GLORIETA DE LA CARRERA 30 - CARRERA 30 - AVENIDA QUEBRADASECA - CARRERA 33 - CALLE 56 - AVENIDA SAMANES - PLAZA MAYOR - CARRERA 5 - CIUDAD BOLÍVAR – TRANSVERSAL METROPOLITANA - PUENTE EL BUENO - VÍA BUCARAMANGA GIRÓN CALLE 43 - GLORIETA EL POBLADO - CARRERA 23 - PUENTE LENGUERKE - CALLE 26 - CARRERA 26 - PARA RETORNAR POR EL MISMO CORREDOR","10","13","10",,,"28.5","BASICO","BUS / BUSETA / MICROBUS",,"15"
"46","BRISAS DEL CAMPO - POBLADO - REAL DE MINAS - UIS","BRISAS DEL CAMPO","TRANSPORTES PIEDECUESTA S.A.","POBLADO - REAL DE MINAS - CABECERA - CARRERA 36 - GUARÍN - ESTADIO.","BRISAS DEL CAMPO DIAGONAL 13 A - VILLAMPIS –CALLE 14 B - BARRIO VILLAS DE SAN JUAN - INTERCAMBIADOR CARRERA 19 - CARRERA 18 - CALLE 10 B - CARRERA 26 - CALLE 25 AV. LOS CANEYES RETORNO CALLE 25 –AVENIDA DEL RIO - PUENTE LENGUERKE – CALLE 27 - CARRERA 23 - CALLE 44 - CARRERA 27 –CALLE 43 - VÍA GIRÓN BUCARAMANGA - PUENTE EL BUENO - TRANSVERSAL METROPOLITANA - CALLE 65 – CALLE 63 - CARRERA 2 – AVENIDA LOS GUAYACANES - CALLE 64 - CARRERA 5 - PLAZA MAYOR - CALLE 56 - CARRERA 36 - CALLE 34 - CARRERA 33 - CALLE 32A - CALLE 14 – GLORIETA DEL ESTADIO – CARRERA 30 - AVENIDA QUEBRADASECA - CARRERA 33 - CALLE 56 - PLAZA MAYOR - CIUDAD BOLÍVAR - TRANSVERSAL METROPOLITANA - PUENTE EL BUENO - VÍA BUCARAMANGA GIRÓN - CALLE 43 - GLORIETA EL POBLADO - CARRERA 26 - CALLE 36 - CARRERA 23 - PUENTE LENGUERKE - CALLE 26 - CARRERA 26 - PARA RETORNAR POR EL MISMO CORREDOR","10","13","10","05:00:00 a.m.","07:00:00 p.m.","37","BASICO","BUS / BUSETA / MICROBUS","CARRERA 33 - REAL DE MINAS - ACRÓPOLIS - GIRÓN - POBLADO - VILLAMPIS.","15"
"47","MIRADOR DE ARENALES - POBLADO - RINCÓN - FLORIDABLANCA","MIRADOR DE ARENALES","TRANSPORTES PIEDECUESTA S.A.","MIRADOR DE ARENALES - POBLADO - RINCÓN - FLORIDABLANCA","MIRADOR DE ARENALES - CARRERA 12 - CALLE 10 - VILLAS DE SAN JUAN - CARRERA 26 - CALLE 26 - PUENTE LENGUERKE - CARRERA 23 - CALLE 44 - CARRERA 26 - GLORIETA EL POBLADO - CALLE 43 - VÍA GIRÓN BUCARAMANGA - PUENTE PALENQUE - RINCÓN DE GIRÓN - VÍA GIRÓN FLORIDABLANCA - BARRIO LA PAZ - INTERCAMBIADOR PAPI QUIERO PIÑA - VÍA FLORIDABLANCA BUCARAMANGA - GLORIETA DE MOLINOS - CARRERA 12 - CALLE 29 - COLEGIO VICENTE AZUERO - AVENIDA BUCARICA - CARRERA 11 - CALLE 3 EN LIMONCITO - CARRERA 10 - CALLE 6ª - CARRERA 15 - CALLE 5 - CARRERA 11 - AVENIDA BUCARICA - COLEGIO VICENTE AZUERO - CALLE 29 - CAÑAVERAL - PARALELA OCCIDENTAL VÍA FLORIDABLANCA PIEDECUESTA - INTERCAMBIADOR PAPI QUIERO PIÑA - BARRIO LA PAZ - VÍA FLORIDABLANCA GIRÓN - RINCÓN DE GIRÓN - PUENTE PALENQUE - BARRIO EL POBLADO - CALLE 43 - GLORIETA DEL POBLADO - CARRERA 23 - PUENTE LENGUERKE - CARRERA 26 - CALLE 10 - VILLAS DE SAN JUAN - A MIRADOR DE ARENALES","7","9","15",,,"32","BASICO","BUS / BUSETA / MICROBUS",,"15"
"48","CARRIZAL - CARRERA 33","CARRIZAL","TRANSPORTES PIEDECUESTA S.A.","CARRIZAL - CARRERA 33","ALTOS DE CARRIZAL - GLORIETA DEL POBLADO - CALLE 43 - PARA TOMAR EL PUENTE DIRECTO A RINCÓN DE GIRÓN - VÍA GIRÓN FLORIDABLANCA - PARA TOMAR EL RETORNO DE TRANSEJES - INTERCAMBIADOR PUENTE PALENQUE - VÍA GIRÓN BUCARAMANGA - CALLE 67 - CARRERA 33 - CARRERA 33A - CALLE 14 - BOULEVARD SANTANDER - RETORNO DE LA GLORIETA SAN FRANCISCO - CALLE 14 - BATALLÓN - CARRERA 33A - CALLE 56 - CARRERA 27 - INTERCAMBIADOR PUERTA DEL SOL - VÍA BUCARAMANGA GIRÓN - PUENTE PALENQUE - VÍA GIRÓN FLORIDABLANCA - RINCÓN DE GIRÓN - PARA TOMAR LA CALLE 43 EN EL POBLADO SIN PASAR POR EL SECTOR DE CANEYES - VÍA GIRÓN BUCARAMANGA - CARRIZAL","6","8","18",,,,"BASICO","BUS / BUSETA / MICROBUS",,"18"
"49","PIEDECUESTA - ANILLO VIAL - GIRÓN – KENNEDY/COLORADOS - PUENTE TIERRA","ESTACIÓN TRANSPIEDECUESTA S.A./VALLE VERDE","TRANSPORTES PIEDECUESTA S.A","GIRÓN – POBLADO – C. ABASTOS – KENNEDY GIRÓN – POBLADO – PIEDECUESTA – CALLE 8 – PARQUE GIRÓN –RINCÓN – SENA – C. ABASTOS – COLORADOS – PTE. TIERRA. PIEDECUESTA – C. ABASTOS – SENA – RINCÓN – CALLE 6 - PARQUE - TEJADITOS.","TERMINAL – ESTACIÓN TRANSPIEDECUESTA – CARRERA 6 – CALLE 15 – CARRERA 7 – CALLE 10 – CARRERA 9 – CALLE 7 – PTE. CABECERA – AUTOPISTA PIEDECUESTA – FLORIDABLANCA – INTERCAMBIADOR ANILLO VIAL FLORIDABLANCA GIRÓN – AVDA. CANEYES –AVENIDA DEL RIO - CARRERA 25 – PUENTE LENGUERKE –CARRERA 23 – CALLE 44 –CARRERA 27 - CALLE 43 - VÍA GIRÓN BUCARAMANGA – PUENTE PALENQUE – VÍA CHIMITA – CAFÉ MADRID – VÍA FRENTE A ENTRADA DE BETANIA – ENTRADA AL KENNEDY – POR LA CARRERA 15 – CALLE 17 N – CARRERA 12 – VÍA BUCARAMANGA – KENNEDY – CALLE 24 N – CARRERA 15 – VÍA AL CAFÉ MADRID – VÍA CHIMITA – INTERCAMBIADOR DE PUENTE PALENQUE – VÍA GIRÓN LEBRIJA – CALLE 43 A LA GLORIETA DEL POBLADO – CARRERA 26 – CALLE 36 –CARRERA 23 –PUENTE LENGUERKE –CALLE 26 - AVENIDA LOS CANEYES - VÍA GIRÓN PIEDECUESTA – CARRERA 15 – CALLE 8 – CARRERA 8 - CALLE 14 – CARRERA 6 POR EL MISMO CORREDOR AL TERMINAL.","40","50","5","03:30:00 a.m.","07:30:00 p.m.","74 KM-89 KM","BASICO","BUS / BUSETA / MICROBUS",,"8"
"50","PIEDECUESTA - FLORIDABLANCA - CARRETERA ANTIGUA - CARRERA 33","ANTIGUO INTRA","TRANSPORTES PIEDECUESTA S.A. TRANSPORTES VILLA DE SAN CARLOS S.A.","PIEDECUESTA - FLORIDABLANCA - CARRETERA ANTIGUA - CARRERA 33","TERMINAL ANTIGUO INTRA - - VÍA PIEDECUESTA A BUCARAMANGA - PARA TOMAR LA CARRERA 6 HACIA EL CASCO URBANO DE PIEDECUESTA - CALLE 15 - CARRERA 7 - CALLE 10 - CARRERA 10 - CALLE 7 - AL PUENTE DE CABECERA DEL LLANO - VÍA PIEDECUESTA FLORIDABLANCA - PARA ENTRAR EL CASCO URBANO DEL MUNICIPIO DE FLORIDABLANCA POR LA CARRERA 8 - CALLE 8 - CARRERA 11 - CALLE 3 - CARRETERA ANTIGUA - CARRERA 33 (SIN PASAR POR LE VIADUCTO LA FLORA) - AVENIDA QUEBRADASECA - MEGAMALL - CARRERA 33A - PLAZA GUARÍN - CARRERA 33 - VIADUCTO LA FLORA - MONTERREY - CARRETERA ANTIGUA - CASCO URBANO DEL MUNICIPIO DE FLORIDABLANCA - CALLE 3 - CARRERA 5 - CALLE 6 - CARRERA 7 -CALLE 9 - CARRERA 8 - VÍA FLORIDABLANCA PIEDECUESTA - PARA ENTRAR EL CASCO URBANO DEL MUNICIPIO DE PIEDECUESTA POR LA CALLE 9 - HASTA EL PARQUE PRINCIPAL - PARA TOMAR LA CARRERA 6 - SALIR HACIA LA VÍA A BOGOTÁ - TERMINAL","27","34","9",,,"48.5","BASICO","BUS / BUSETA / MICROBUS",,"12"
"51","PIEDECUESTA - FLORIDABLANCA - CARRETERA ANTIGUA - CARRERA 21","TERMINAL TRANSPIEDECUESTA / VALLE VERDE","TRANSPORTES PIEDECUESTA S.A.","FLORIDA – C.C. CACIQUE –CARRERA 33 - AV. GONZÁLEZ VALENCIA – CARRERA 21 – P. SAN FRANCISCO - CARRERA 22 – CACIQUE - FLORIDA – CALLE 6 – TEJADITOS. LAGOS CACIQUE – PTA. SOL – CARRERA 21 – CARRERA 9 - P. SATÉLITE – CACIQUE – C. VALENCIA – CALLE 8 –CARRERA 8","VALLE VERDE – COMUNEROS –CALLE 16 - TEJADITOS – MIRAFLORES PORTAL DEL VALLE – CISNES - COLORADOS – PARA TOMAR LA CARRERA 6 HACIA EL CASCO URBANO DE PIEDECUESTA - CALLE 15 - CARRERA 7 - CALLE 10 - CARRERA 14 - CALLE 7 - AL PUENTE DE CABECERA DEL LLANO - AUTOPISTA PIEDECUESTA FLORIDABLANCA - PARA ENTRAR EL CASCO URBANO DEL MUNICIPIO DE FLORIDABLANCA POR LA CARRERA 8 - CALLE 8 - CARRERA 11 - CALLE 3 - CARRETERA ANTIGUA – CENTRO COMERCIAL EL CACIQUE - VIADUCTO LA FLORA - CARRERA 33 - CALLE 62 - AVENIDA GONZÁLEZ VALENCIA - CALLE 41 - CARRERA 21 - GLORIETA DE SAN FRANCISCO - CARRERA 22 - AVENIDA LA ROSITA - AVENIDA GONZÁLEZ VALENCIA - CALLE 63 - CARRERA 33 - VIADUCTO LA FLORA –CENTRO COMERCIAL CACIQUE - MONTERREY - CARRETERA ANTIGUA - CASCO URBANO DEL MUNICIPIO DE FLORIDABLANCA - CALLE 3 - CARRERA 5 – CALLE 6 – CARRERA 7 - CALLE 9 - CARRERA 8 – VÍA FLORIDABLANCA PIEDECUESTA – PARA ENTRAR AL CASCO URBANO DEL MUNICIPIO DE PIEDECUESTA –POR LA CALLE 6 – CARRERA 8 - PARQUE – CALLE 14 – PARA TOMAR LA CARRERA 6 – COLORADOS – MIRAFLORES – VALLE VERDE","16","20","9","04:20:00 a.m.","07:00:00 p.m.","54","BASICO","BUS / BUSETA / MICROBUS",,"12"
"52","PILOTO # 10 TERMINAL TRANSPIEDECUESTA - CARRERA 21","TERMINAL TRANSPIEDECUESTA","TRANSPORTES PIEDECUESTA S.A.","DIRECTO – AUTOPISTA – CAÑAVERAL PUERTA DEL SOL- CARRERA 21 – P. SAN FRANCISCO – GÑORIETA DEL ESTADIO – PIEDECUESTA DIRECTO - CARRERA 22 – CAÑAVERAL AUTOPISTA - CALLE 8.","TERMINAL TRANSPIEDECUESTA – VIA PIEDECUESTA BUCARAMANGA PARA TOMAR EL CASCO URBANO DE PIEDECUESTA – CALLE 15 – CARRERA 7 – CALLE 10 – CARRERA 14 – CALLE 7 – PUENTE CABECERA DEL LLAMO – DIRECTO AUTOPISTA PIEDECUESTA/FLORIDABLANCA/BUCARAMANGA INGRESANDO PARALELA PAPI QUIERO PIÑA – LAGOS II – CAÑAVERAL – PUENTE PROVENZA – VIADUCTO GARCIA CADENA – PUERTA DEL SOL – CARRERA 21 – PARQUE SAN FRANCISCO – BOULEVAR SANTANDER – CALLE 14 – GLORIETA DEL ESTADIO – CALLE 14 – BOULEVAR SANTANDER –CARRERA 22 – CALLE 58 – CARRERA 27 – INTERCAMBIADOR PUERTA DEL SOL – VIADUCTO GRACIA CADENA – PUENTE PROVENZA – PARALELA EL BOSQUE – FLORIDA – PAPI QUIERO PIÑA – AUTOPISTA BUCARAMANGA/FLORIDABLANCA/PIEDECUESTA – CALLE 8 – CARRERA 8 – CALLE 14 PARA TO,AR LA CARRERA 6 – VIA BOGOTA – TERMINAL TRANSPIEDECUESTA.","13","16","10","04:30:00 a.m.","07:00:00 p.m.","47","BASICO","BUS / BUSETA / MICROBUS","PIEDECUESTA DIRECTO –CARRERA 22 – CAÑAVERAL – AUTOPISTA – CALLE 8","15"
"53","PILOTO # 11 NUEVA COLOMBIA - CARRERA 21","NUEVA COLOMBIA – PUERTO NUEVO.","TRANSPORTES PIEDECUESTA S.A.","DIRECTO – AUTOPISTA – CAÑAVERAL PUERTA DEL SOL- CARRERA 21 – P. SAN FRANCISCO – GLORIETA DEL ESTADIO – PIEDECUESTA DIRECTO - CARRERA 22 – CAÑAVERAL - AUTOPISTA - LA RIOJA – EL REFUGIO – NUEVA COLOMBIA.","NUEVA COLOMBIA – PUERTO NUEVO – COLEGIO PROMOCION SOCIAL – REFUGIO – ARGENTINA – SAN TELMO – CENTRO COMERCIAL DE LA CUESTA – AUTOPISTA – INTERCAMBIADOR PIEDECUESTA A BUCARAMANGA DIRECTO AUTOPISTA PIEDECUESTA / FLORIDABLANCA/BUCARAMANGA INGRESANDO PARALELA PAPI QUIERO PIÑA – LAGOS II – CAÑAVERAL – PUENTE PROVENZA – VIADUCTO GRACIA CADENA – PUERTA DEL SOL – CARRERA 21 – PARQUE SAN FRANCISCO – BOULEVAR SANTANDER – CALLE 14 – GLORIETA DEL ESTADIO – CALLE 14 – BOULEVAR SANTANDER – CARRERA 22 – CALLE 58 – CARRERA 27 – INTERCAMBIADOR PUERTA DEL SOL – VIADUCTO GARCÍA CADENA – PUENTE PROVENZA - PARALELA EL BOSQUE – LA FLORIDA – PAPI QUIERO PIÑA – AUTOPISTA BUCARAMANGA/FLORIDABLANCA/ PIEDECUESTA-CENTRO COMERCIAL DE LA CUESTA- SAN TELMO – LA ARGENTINA – EL REFUGIO – COLEGIO PROMOCIÓN SOCIAL – PUERTO NUEVO – NUEVA COLOMBIA","13","16","10","05:00:00 a.m.","07:00:00 p.m.","45.5","BASICO","BUS / BUSETA / MICROBUS","PIEDECUESTA DIRECTO – CARRERA 22 – CAÑAVERAL – AUTOPISTA – LA RIOJA EL REFUGIO – NUEVA COLOMBIA.","15"
"34","BAHONDO - POBLADO - CALLE 45 - CARRERA 33","MIRADOR DE ARENALES","OPERACIÓN AUTORIZADA A UNITRANSA S.A.","POBLADO - CALLE 45 - CARRERA 33 - ESTADIO","MIRADOR DE ARENALES - CARRERA 20 - CALLE 10B - VILLAS DE SAN JUAN - CARRERA 26 - AVENIDA CANEYES - RETORNO PUENTE LENGUERKE - POBLADO - CARRERA 23 - CALLE 44 - CARRERA 27 - CALLE 43 - VÍA NACIONAL HACIA PUENTE PALENQUE - VÍA CHIMITÁ - CALLE 45 - CALLE 48 - CARRERA 33 - CALLE 14 - CARRERA 30 - AV. QUEBRADASECA - CARRERA 33 - CALLE 45 - VÍA CHIMITA - PTE. PALENQUE - POBLADO - CALLE 43 - CARRERA 26 - CALLE 33 CARRERA 23 - PUENTE LENGUERKE - CARRERA 26 - GIRA POR VILLAS DE SAN JUAN POR LA CALLE 10B - CARRERA 20 - MIRADOR DE ARENALES.","21","26","7","05:00:00 a.m.","08:00:00 p.m.","42.84","BASICO","BUS / BUSETA / MICROBUS","BAHONDO - POBLADO - CALLE 45 - CAMPO HERMOSO - ABASTOS - MIRADOR DE ARENALES","12"
"35","BAHONDO - RINCÓN - REAL DE MINAS - UIS","BAHONDO","TRANSPORTES PIEDECUESTA S.A","RINCÓN - REAL DE MINAS - CARRERA 17 - CENTRO - SAN TOTA - UDI - CRA 22 ACRÓPOLIS - GIRÓN - RINCÓN - MIRADOR.","BAHONDO - CARRERA 20 - CALLE 10 B - CARRERA 26 - AVENIDA LOS CANEYES –ANILLO VIAL - RINCÓN DE GIRÓN - PUENTE PALENQUE - VÍA GIRÓN BUCARAMANGA - PUENTE EL BUENO - TRANSVERSAL METROPOLITANA - CALLE 65 – CALLE 64 – CALLE 61 - CARRERA 17 - CALLE 33 - CARRERA 19 - CALLE 8 - CARRERA 24 - CALLE 14 - GLORIETA DEL ESTADIO - CALLE 14 - BOULEVARD SANTANDER - CARRERA 22 - CALLE 56 - AVENIDA SAMANES - PLAZA MAYOR - CALLE REAL - CARRERA 5 - CALLE 64 – CALLE 65 - TRANSVERSAL METROPOLITANA - PUENTE EL BUENO - VÍA BUCARAMANGA GIRÓN - PUENTE PALENQUE - RINCÓN DE GIRÓN - AVENIDA LOS CANEYES - CARRERA 26 - CALLE 10 B - CARRERA 20 – BAHONDO.","5","6","15","05:00:00 a.m.","06:30:00 p.m.","34.7","BASICO","BUS / BUSETA / MICROBUS",,"18"
"36","PILOTO # 01 IGSABELAR","GONZALEZ CHAPARRO","COTRANDER","IGSABELAR – AUTOPISTA –CARRERA 33 – GUARÍN –BATALLON – ESTADIO",,"10","13","8","05:00:00 a.m.","07:30:00 p.m.","22","BASICO","BUS / BUSETA / MICROBUS",".IGSABELAR – PIENTE LA FLORA – CACIQUE – PLAZA SATELITE – AUTOPISTA – CAÑAVERAL – B. LA PAZ –","12"
"37","BRISAS DEL CAMPO - RINCÓN - UIS","BRISAS DEL CAMPO","METROPOLITANA DE SERVICIOS S.A.","BRISAS DEL CAMPO - RINCÓN - UIS","BRISAS DEL CAMPO - - LAS PALOMAS - CARRERA 26 - AVENIDA LOS CANEYES - PUENTE PALENQUE - VÍA GIRÓN BUCARAMANGA - INTERCAMBIADOR PUERTA DEL SOL - DIAGONAL 15 - CARRERA 21 - BOULEVARD SANTANDER - CALLE 16 - GLORIETA DE LA CARRERA 30 CON CALLE 14 - CALLE 14 - CARRERA 25 - CALLE 9 - CARRERA 18 - CALLE 55 - CARRERA 22 - CALLE 57 - CARRERA 27 - INTERCAMBIADOR PUERTA DEL SOL PARA REGRESAR POR EL MISMO CORREDOR","11","13","9",,,"36.3","BASICO","BUS / BUSETA / MICROBUS",,"9"
"38","CAFÉ - PALENQUE - PUERTA DEL SOL - UIS","COLORADOS","METROPOLITANA DE SERVICIOS S.A.","COLORADOS - PALENQUE - PUERTA DEL SOL - UIS","COLORADOS – CEMENTO – BAVARIA - CAFÉ MADRID - VÍA CAFÉ MADRID GIRÓN - PUENTE PALENQUE - VÍA GIRÓN BUCARAMANGA - INTERCAMBIADOR PUERTA DEL SOL - DIAGONAL 15 - CARRERA 21 - CALLE 50 - CARRERA 17 - CALLE 45 - CARRERA 14 - AVENIDA QUEBRADASECA - CARRERA 15 - BOULEVARD SANTANDER - CALLE 16 A LA GLORIETA DE LA CARRERA 30 CON CALLE 14 - CALLE 14 - CARRERA 25 - CALLE 9 - CARRERA 24 - BOULEVARD SANTANDER - CARRERA 15 - AVENIDA QUEBRADASECA - CARRERA 9 - CALLE 45 - DIAGONAL 15 - CALLE 55 A - CARRERA 16 - CALLE 55 - CARRERA 17 C - CALLE 61 - INTERCAMBIADOR PUERTA DEL SOL - VÍA BUCARAMANGA GIRÓN - INTERCAMBIADOR PUENTE PALENQUE - VÍA AL CAFÉ MADRID - BAVARIA – COLORADOS","12","14","10",,,"58.4","BASICO","BUS / BUSETA / MICROBUS",,"10"
"39","BRISAS DEL CAMPO - RINCÓN - REAL DE MINAS - UIS","BRISAS DEL CAMPO","ORIENTAL DE TRANSPORTES S.A.","BRISAS DEL CAMPO - RINCÓN - REAL DE MINAS - UIS","BRISAS DEL CAMPO - PISCINAS - CONSUELO - CALLE 108 - VILLA DE SAN JUAN - CARRERA 26 - AVENIDA LOS CANEYES - RINCÓN DE GIRÓN - PUENTE PALENQUE - VÍA GIRÓN BUCARAMANGA - PUENTE EL BUENO - TRANSVERSAL METROPOLITANA - CALLE 64 - CALLE 61 - CARRERA 17 - BOULEVARD SANTANDER - CALLE 16 A LA GLORIETA DE LA CARRERA 30 - CALLE 14 - CARRERA 25 - CALLE 9 - CARRERA 24 - BOULEVARD SANTANDER - CARRERA 15 – CALLE 29 - CARRERA 13 - CALLE 45 - DIAGONAL 15 - CARRERA 17 - CALLE 61 A LA TRANSVERSAL METROPOLITANA PARA REGRESAR POR EL MISMO CORREDOR","18","23","8",,,"32.2","BASICO","BUS / BUSETA / MICROBUS",,"8"
"40","CAMPIÑA - POBLADO - CARRERA 33","LA CAMPIÑA","COOTRAGAS CTA.","CAMPIÑA - POBLADO - CARRERA 33","CARRERA 34 CON CALLE 36 BARRIO ALDEA ALTA - CALLE 28 - CARRERA 27 - CALLE 29 - CARRERA 23 - CALLE 39 - CARRERA 26 - CALLE 43 - GLORIETA DEL POBLADO - VÍA GIRÓN BUCARAMANGA - CALLE 67 - CARRERA 33 - BARRIO LOS PINOS - CALLE 14 -BOULEVARD SANTANDER - CARRERA 15 - CALLE 29 - CARRERA 13 - CALLE 45 - AV. GONZALES VALENCIA CARRERA 32 - CALLE 63 - CARRERA 33 - REGRESO POR LA CARRERA 33 CALLE 67 A REGRESAR POR EL MISMO CORREDOR","13","14","10",,,"24.3","BASICO","BUS / BUSETA / MICROBUS",,"10"
"41","CARACOLÍ - TRANSVERSAL ORIENTAL – HIPINTO - CARRERA 21 - CENTRO","CARACOLÍ","LUSITANIA S.A.",,"CARACOLÍ - TRANSVERSAL ORIENTAL - VIADUCTO LA FLORA - CALLE 67 - INTERCAMBIADOR PUERTA DEL SOL - DIAGONAL 15 - CARRERA 21 - CALLE 34 - CARRERA 10 - CALLE 33 - CARRERA 18 - CALLE 55 - CARRERA 22 - CALLE 57 - INTERCAMBIADOR PUERTA DEL SOL - PARQUE LAS HORMIGAS - CALLE 67 - VIADUCTO LA FLORA - TRANSVERSAL ORIENTAL - CARACOLÍ","10","11","9",,,"21.8","BASICO","BUS / BUSETA / MICROBUS",,"9"
"42","LA MESETA - RINCÓN DE GIRÓN - REAL DE MINAS - CENTRO - UIS","LA MESETA","ORIENTAL DE TRANSPORTES S.A.","LA MESETA - RINCÓN DE GIRÓN - REAL DE MINAS - CENTRO - UIS LA MESETA - POBLADO - REAL DE MINAS - CENTRO - UIS","HACIENDA LA MESETA - MIRADOR DE ARENALES - CARRERA 26 - AVENIDA CANEYES - RINCÓN DE GIRÓN - VÍA GIRÓN BUCARAMANGA - PUENTE EL BUENO - TRANSVERSAL METROPOLITANA - CALLE 63 - CARRERA 2 - CALLE 64 - CARRERA 5 - PLAZA MAYOR - AV. SAMANES - CARRERA 15 - CALLE 55 - CARRERA 21 - BOULEVARD SANTANDER - CALLE 16 - GLORIETA DE LA CARRERA 30 CON CALLE 14 - CALLE 14 - CARRERA 25 - CALLE 9 - CARRERA 15 - AVENIDA QUEBRADASECA - CARRERA 9 - CALLE 45 - DIAGONAL 15 - CARRERA 17 - CALLE 56 - AV. SAMANES - PLAZA MAYOR - CALLE REAL - CARRERA 5 - CALLE 61 - CIUDAD BOLÍVAR - TRANSVERSAL METROPOLITANA - PUENTE EL BUENO - VÍA BUCARAMANGA GIRÓN - PUENTE PALENQUE - RINCÓN DE GIRÓN - AVENIDA CANEYES - CARRERA 26 - BAHONDO - MIRADOR DE ARENALES - LA MESETA","10","12",,,,"37.45","BASICO","BUS / BUSETA / MICROBUS",,
"43","LA MESETA - POBLADO - REAL DE MINAS - CENTRO - UIS - CARRERA 33.","LA MESETA","ORIENTAL DE TRANSPORTES S.A.","LA MESETA - POBLADO - REAL DE MINAS - CARRERA 21 - ESTADIO - CARRERA 33 - POBLADO - MIRADOR DE ARENALES –MESETA","HACIENDA LA MESETA –MIRADOR DE ARENALES - CARRERA 26 – PUENTE LENGUERKE - CARRERA 23 - CALLE 44 - CARRERA 26 - GLORIETA DEL POBLADO - CALLE 43 - VÍA GIRÓN BUCARAMANGA - PUENTE EL BUENO - TRANSVERSAL METROPOLITANA - CALLE 63 - CARRERA 2 - CALLE 64 - CARRERA 5 - PLAZA MAYOR - AV. SAMANES - CARRERA 15 - CALLE 55 - CARRERA 21 - BOULEVARD SANTANDER - CALLE 14 - GLORIETA DE LA CARRERA 30 - CON CALLE 14 - CALLE 14 - CARRERA 33ª - CARRERA 33 - CALLE 67 - HIPINTO - VÍA BUCARAMANGA GIRÓN - PUENTE PALENQUE - POBLADO - CALLE 43 - GLORIETA EL POBLADO - CALLE 43 - CARRERA 23 - PTE. LENGUERKE - CARRERA 26 - BAHONDO - MIRADOR DE ARENALES - LA MESETA.","10","12","8",,,"17.7","BASICO","BUS / BUSETA / MICROBUS",,"8"
"44","FLORIDA - TERMINAL - GIRÓN","ANTIGUO MATADERO DE FLORIDA","TRANSPORTES SAN JUAN S.A.","PROVENZA – INEM – TERMINAL –TRANSITO – CENFER – GIRÓN – POBLADO – MIRADOR DE ARENALES – PROVENZA INEM – PORVENIR – MALPASO – RINCÓN DE GIRON – POBLADO.","TERMINAL - ANTIGUO MATADERO DE FLORIDA - CARRERA 6 - CALLE 10 - CARRERA 8 - COLEGIO QUINTA DEL PUENTE - CALLE 205 - CARRERA 40 - CARRERA 15 LIMONCITO - CALLE 4 - CARRERA 11 - AVENIDA BUCARICA - CARRETERA ANTIGUA - PLAZA SATÉLITE DEL SUR - DIAGONAL 106 - PUENTE PROVENZA - CALLE 105 - CARRERA 16 - TERMINAL DE TRANSPORTES - PUENTE EL BUENO - VÍA BUCARAMANGA/GIRÓN - INTERCAMBIADOR - VÍA GIRÓN/LEBRIJA - INTERCAMBIADOR DEL POBLADO - CALLE 43 - CARRERA 23 - PUENTE LENGUERKE - CARRERA 26 – CALLE 3ª BAHONDO – CARRERA 20 - CALLE 10B – CARRERA 18 – CARRERA 18B – CARRERA 19ª – GLORIETA CONSUELO – CARRERA 22 - CARRERA 19 - AVENIDA CANEYES - RINCÓN DE GIRÓN - INTERCAMBIADOR PALENQUE - VÍA GIRÓN/BUCARAMANGA - PUENTE EL BUENO - TERMINAL DE TRANSPORTES - CARRERA 16 - CALLE 105 - PUENTE PROVENZA - CARRETERA ANTIGUA - AVENIDA BUCARICA - CARRERA 11 - CALLE 3 - CARRERA 15 LIMONCITO - CALLE 204 LOS ANDES - CARRERA 8 - CALLE 8 - CARRERA 6 CON CALLE 10 – TERMINAL. RECORRIDO ALTERNO: EN PROVENZA - CALLE 105 – CARRERA 15 – CALLE 104 – CALLE 105 – VÍA MAL PASO – ANILLO VIAL SENTIDO FLORIDABLANCA GIRÓN – INTERCAMBIADOR PALENQUE DONDE CONECTA CON LA RUTA 44 – VIA GIRÓN / LEBRIJA - INTERCAMBIADOR DEL POBLADO - CALLE 43 - CARRERA 23 - PUENTE LENGUERKE - CARRERA 26 – VILLAS DE SAN JUAN – CALLE 10B – CARRERA 18B – CARRERA 19ª – GLORIETA CONSUELO – CALLE 14B – CARRERA 17 – URBANIZACIÓN SAN JORGE – ANILLO VÍAL – RETORNO MAKRO ZONA FRANCA – ANILLO VIAL – VIA MAL PASO – CARRERA 15 – CALLE 104 – CALLE 105 – DONDE CONECTA CON RUTA 44","24","30","10",,,"26","BASICO","BUS / BUSETA / MICROBUS","PROVENZA – TERMINAL – INEM – PLAZA SATELITE – VILLABEL – BUCARICA – FLORIDA – GLORIETA CONSUELO – ZONA FRANCA – RETORNO MACRO – MALPASO – PORVENIR – PROVENZA – PLAZA SATELITE – FLORIDABLANCA.","15"
"45","MIRADOR DE ARENALES - POBLADO - REAL DE MINAS - CARRERA 36 - UIS","MIRADOR DE ARENALES","TRANSPORTES SAN JUAN S.A","MIRADOR DE ARENALES - POBLADO - REAL DE MINAS - UIS","MIRADOR DE ARENALES - CARRERA 12 - CALLE 10 - BARRIO VILLAS DE SAN JUAN - CARRERA 26 - CALLE 26 - PUENTE LENGUERKE - CARRERA 23 - CALLE 44 - CARRERA 26 - GLORIETA EL POBLADO - CALLE 43 - VÍA GIRÓN BUCARAMANGA - PUENTE EL BUENO - TRANSVERSAL METROPOLITANA - CALLE 63 - RETORNANDO POR LA CALLE 64 A TOMAR LA CARRERA 5 - CALLE REAL - PLAZA MAYOR - CALLE 56 - CARRERA 36 - CALLE 34 - CARRERA 33 - CALLE 14 - GLORIETA DE LA CARRERA 30 - CARRERA 30 - AVENIDA QUEBRADASECA - CARRERA 33 - CALLE 56 - AVENIDA SAMANES - PLAZA MAYOR - CARRERA 5 - CIUDAD BOLÍVAR – TRANSVERSAL METROPOLITANA - PUENTE EL BUENO - VÍA BUCARAMANGA GIRÓN CALLE 43 - GLORIETA EL POBLADO - CARRERA 23 - PUENTE LENGUERKE - CALLE 26 - CARRERA 26 - PARA RETORNAR POR EL MISMO CORREDOR","10","13","10",,,"28.5","BASICO","BUS / BUSETA / MICROBUS",,"15"
"46","BRISAS DEL CAMPO - POBLADO - REAL DE MINAS - UIS","BRISAS DEL CAMPO","TRANSPORTES PIEDECUESTA S.A.","POBLADO - REAL DE MINAS - CABECERA - CARRERA 36 - GUARÍN - ESTADIO.","BRISAS DEL CAMPO DIAGONAL 13 A - VILLAMPIS –CALLE 14 B - BARRIO VILLAS DE SAN JUAN - INTERCAMBIADOR CARRERA 19 - CARRERA 18 - CALLE 10 B - CARRERA 26 - CALLE 25 AV. LOS CANEYES RETORNO CALLE 25 –AVENIDA DEL RIO - PUENTE LENGUERKE – CALLE 27 - CARRERA 23 - CALLE 44 - CARRERA 27 –CALLE 43 - VÍA GIRÓN BUCARAMANGA - PUENTE EL BUENO - TRANSVERSAL METROPOLITANA - CALLE 65 – CALLE 63 - CARRERA 2 – AVENIDA LOS GUAYACANES - CALLE 64 - CARRERA 5 - PLAZA MAYOR - CALLE 56 - CARRERA 36 - CALLE 34 - CARRERA 33 - CALLE 32A - CALLE 14 – GLORIETA DEL ESTADIO – CARRERA 30 - AVENIDA QUEBRADASECA - CARRERA 33 - CALLE 56 - PLAZA MAYOR - CIUDAD BOLÍVAR - TRANSVERSAL METROPOLITANA - PUENTE EL BUENO - VÍA BUCARAMANGA GIRÓN - CALLE 43 - GLORIETA EL POBLADO - CARRERA 26 - CALLE 36 - CARRERA 23 - PUENTE LENGUERKE - CALLE 26 - CARRERA 26 - PARA RETORNAR POR EL MISMO CORREDOR","10","13","10","05:00:00 a.m.","07:00:00 p.m.","37","BASICO","BUS / BUSETA / MICROBUS","CARRERA 33 - REAL DE MINAS - ACRÓPOLIS - GIRÓN - POBLADO - VILLAMPIS.","15"
"47","MIRADOR DE ARENALES - POBLADO - RINCÓN - FLORIDABLANCA","MIRADOR DE ARENALES","TRANSPORTES PIEDECUESTA S.A.","MIRADOR DE ARENALES - POBLADO - RINCÓN - FLORIDABLANCA","MIRADOR DE ARENALES - CARRERA 12 - CALLE 10 - VILLAS DE SAN JUAN - CARRERA 26 - CALLE 26 - PUENTE LENGUERKE - CARRERA 23 - CALLE 44 - CARRERA 26 - GLORIETA EL POBLADO - CALLE 43 - VÍA GIRÓN BUCARAMANGA - PUENTE PALENQUE - RINCÓN DE GIRÓN - VÍA GIRÓN FLORIDABLANCA - BARRIO LA PAZ - INTERCAMBIADOR PAPI QUIERO PIÑA - VÍA FLORIDABLANCA BUCARAMANGA - GLORIETA DE MOLINOS - CARRERA 12 - CALLE 29 - COLEGIO VICENTE AZUERO - AVENIDA BUCARICA - CARRERA 11 - CALLE 3 EN LIMONCITO - CARRERA 10 - CALLE 6ª - CARRERA 15 - CALLE 5 - CARRERA 11 - AVENIDA BUCARICA - COLEGIO VICENTE AZUERO - CALLE 29 - CAÑAVERAL - PARALELA OCCIDENTAL VÍA FLORIDABLANCA PIEDECUESTA - INTERCAMBIADOR PAPI QUIERO PIÑA - BARRIO LA PAZ - VÍA FLORIDABLANCA GIRÓN - RINCÓN DE GIRÓN - PUENTE PALENQUE - BARRIO EL POBLADO - CALLE 43 - GLORIETA DEL POBLADO - CARRERA 23 - PUENTE LENGUERKE - CARRERA 26 - CALLE 10 - VILLAS DE SAN JUAN - A MIRADOR DE ARENALES","7","9","15",,,"32","BASICO","BUS / BUSETA / MICROBUS",,"15"
"48","CARRIZAL - CARRERA 33","CARRIZAL","TRANSPORTES PIEDECUESTA S.A.","CARRIZAL - CARRERA 33","ALTOS DE CARRIZAL - GLORIETA DEL POBLADO - CALLE 43 - PARA TOMAR EL PUENTE DIRECTO A RINCÓN DE GIRÓN - VÍA GIRÓN FLORIDABLANCA - PARA TOMAR EL RETORNO DE TRANSEJES - INTERCAMBIADOR PUENTE PALENQUE - VÍA GIRÓN BUCARAMANGA - CALLE 67 - CARRERA 33 - CARRERA 33A - CALLE 14 - BOULEVARD SANTANDER - RETORNO DE LA GLORIETA SAN FRANCISCO - CALLE 14 - BATALLÓN - CARRERA 33A - CALLE 56 - CARRERA 27 - INTERCAMBIADOR PUERTA DEL SOL - VÍA BUCARAMANGA GIRÓN - PUENTE PALENQUE - VÍA GIRÓN FLORIDABLANCA - RINCÓN DE GIRÓN - PARA TOMAR LA CALLE 43 EN EL POBLADO SIN PASAR POR EL SECTOR DE CANEYES - VÍA GIRÓN BUCARAMANGA - CARRIZAL","6","8","18",,,,"BASICO","BUS / BUSETA / MICROBUS",,"18"
"49","PIEDECUESTA - ANILLO VIAL - GIRÓN – KENNEDY/COLORADOS - PUENTE TIERRA","ESTACIÓN TRANSPIEDECUESTA S.A./VALLE VERDE","TRANSPORTES PIEDECUESTA S.A","GIRÓN – POBLADO – C. ABASTOS – KENNEDY GIRÓN – POBLADO – PIEDECUESTA – CALLE 8 – PARQUE GIRÓN –RINCÓN – SENA – C. ABASTOS – COLORADOS – PTE. TIERRA. PIEDECUESTA – C. ABASTOS – SENA – RINCÓN – CALLE 6 - PARQUE - TEJADITOS.","TERMINAL – ESTACIÓN TRANSPIEDECUESTA – CARRERA 6 – CALLE 15 – CARRERA 7 – CALLE 10 – CARRERA 9 – CALLE 7 – PTE. CABECERA – AUTOPISTA PIEDECUESTA – FLORIDABLANCA – INTERCAMBIADOR ANILLO VIAL FLORIDABLANCA GIRÓN – AVDA. CANEYES –AVENIDA DEL RIO - CARRERA 25 – PUENTE LENGUERKE –CARRERA 23 – CALLE 44 –CARRERA 27 - CALLE 43 - VÍA GIRÓN BUCARAMANGA – PUENTE PALENQUE – VÍA CHIMITA – CAFÉ MADRID – VÍA FRENTE A ENTRADA DE BETANIA – ENTRADA AL KENNEDY – POR LA CARRERA 15 – CALLE 17 N – CARRERA 12 – VÍA BUCARAMANGA – KENNEDY – CALLE 24 N – CARRERA 15 – VÍA AL CAFÉ MADRID – VÍA CHIMITA – INTERCAMBIADOR DE PUENTE PALENQUE – VÍA GIRÓN LEBRIJA – CALLE 43 A LA GLORIETA DEL POBLADO – CARRERA 26 – CALLE 36 –CARRERA 23 –PUENTE LENGUERKE –CALLE 26 - AVENIDA LOS CANEYES - VÍA GIRÓN PIEDECUESTA – CARRERA 15 – CALLE 8 – CARRERA 8 - CALLE 14 – CARRERA 6 POR EL MISMO CORREDOR AL TERMINAL.","40","50","5","03:30:00 a.m.","07:30:00 p.m.","74 KM-89 KM","BASICO","BUS / BUSETA / MICROBUS",,"8"
"50","PIEDECUESTA - FLORIDABLANCA - CARRETERA ANTIGUA - CARRERA 33","ANTIGUO INTRA","TRANSPORTES PIEDECUESTA S.A. TRANSPORTES VILLA DE SAN CARLOS S.A.","PIEDECUESTA - FLORIDABLANCA - CARRETERA ANTIGUA - CARRERA 33","TERMINAL ANTIGUO INTRA - - VÍA PIEDECUESTA A BUCARAMANGA - PARA TOMAR LA CARRERA 6 HACIA EL CASCO URBANO DE PIEDECUESTA - CALLE 15 - CARRERA 7 - CALLE 10 - CARRERA 10 - CALLE 7 - AL PUENTE DE CABECERA DEL LLANO - VÍA PIEDECUESTA FLORIDABLANCA - PARA ENTRAR EL CASCO URBANO DEL MUNICIPIO DE FLORIDABLANCA POR LA CARRERA 8 - CALLE 8 - CARRERA 11 - CALLE 3 - CARRETERA ANTIGUA - CARRERA 33 (SIN PASAR POR LE VIADUCTO LA FLORA) - AVENIDA QUEBRADASECA - MEGAMALL - CARRERA 33A - PLAZA GUARÍN - CARRERA 33 - VIADUCTO LA FLORA - MONTERREY - CARRETERA ANTIGUA - CASCO URBANO DEL MUNICIPIO DE FLORIDABLANCA - CALLE 3 - CARRERA 5 - CALLE 6 - CARRERA 7 -CALLE 9 - CARRERA 8 - VÍA FLORIDABLANCA PIEDECUESTA - PARA ENTRAR EL CASCO URBANO DEL MUNICIPIO DE PIEDECUESTA POR LA CALLE 9 - HASTA EL PARQUE PRINCIPAL - PARA TOMAR LA CARRERA 6 - SALIR HACIA LA VÍA A BOGOTÁ - TERMINAL","27","34","9",,,"48.5","BASICO","BUS / BUSETA / MICROBUS",,"12"
"51","PIEDECUESTA - FLORIDABLANCA - CARRETERA ANTIGUA - CARRERA 21","TERMINAL TRANSPIEDECUESTA / VALLE VERDE","TRANSPORTES PIEDECUESTA S.A.","FLORIDA – C.C. CACIQUE –CARRERA 33 - AV. GONZÁLEZ VALENCIA – CARRERA 21 – P. SAN FRANCISCO - CARRERA 22 – CACIQUE - FLORIDA – CALLE 6 – TEJADITOS. LAGOS CACIQUE – PTA. SOL – CARRERA 21 – CARRERA 9 - P. SATÉLITE – CACIQUE – C. VALENCIA – CALLE 8 –CARRERA 8","VALLE VERDE – COMUNEROS –CALLE 16 - TEJADITOS – MIRAFLORES PORTAL DEL VALLE – CISNES - COLORADOS – PARA TOMAR LA CARRERA 6 HACIA EL CASCO URBANO DE PIEDECUESTA - CALLE 15 - CARRERA 7 - CALLE 10 - CARRERA 14 - CALLE 7 - AL PUENTE DE CABECERA DEL LLANO - AUTOPISTA PIEDECUESTA FLORIDABLANCA - PARA ENTRAR EL CASCO URBANO DEL MUNICIPIO DE FLORIDABLANCA POR LA CARRERA 8 - CALLE 8 - CARRERA 11 - CALLE 3 - CARRETERA ANTIGUA – CENTRO COMERCIAL EL CACIQUE - VIADUCTO LA FLORA - CARRERA 33 - CALLE 62 - AVENIDA GONZÁLEZ VALENCIA - CALLE 41 - CARRERA 21 - GLORIETA DE SAN FRANCISCO - CARRERA 22 - AVENIDA LA ROSITA - AVENIDA GONZÁLEZ VALENCIA - CALLE 63 - CARRERA 33 - VIADUCTO LA FLORA –CENTRO COMERCIAL CACIQUE - MONTERREY - CARRETERA ANTIGUA - CASCO URBANO DEL MUNICIPIO DE FLORIDABLANCA - CALLE 3 - CARRERA 5 – CALLE 6 – CARRERA 7 - CALLE 9 - CARRERA 8 – VÍA FLORIDABLANCA PIEDECUESTA – PARA ENTRAR AL CASCO URBANO DEL MUNICIPIO DE PIEDECUESTA –POR LA CALLE 6 – CARRERA 8 - PARQUE – CALLE 14 – PARA TOMAR LA CARRERA 6 – COLORADOS – MIRAFLORES – VALLE VERDE","16","20","9","04:20:00 a.m.","07:00:00 p.m.","54","BASICO","BUS / BUSETA / MICROBUS",,"12"
"52","PILOTO # 10 TERMINAL TRANSPIEDECUESTA - CARRERA 21","TERMINAL TRANSPIEDECUESTA","TRANSPORTES PIEDECUESTA S.A.","DIRECTO – AUTOPISTA – CAÑAVERAL PUERTA DEL SOL- CARRERA 21 – P. SAN FRANCISCO – GÑORIETA DEL ESTADIO – PIEDECUESTA DIRECTO - CARRERA 22 – CAÑAVERAL AUTOPISTA - CALLE 8.","TERMINAL TRANSPIEDECUESTA – VIA PIEDECUESTA BUCARAMANGA PARA TOMAR EL CASCO URBANO DE PIEDECUESTA – CALLE 15 – CARRERA 7 – CALLE 10 – CARRERA 14 – CALLE 7 – PUENTE CABECERA DEL LLAMO – DIRECTO AUTOPISTA PIEDECUESTA/FLORIDABLANCA/BUCARAMANGA INGRESANDO PARALELA PAPI QUIERO PIÑA – LAGOS II – CAÑAVERAL – PUENTE PROVENZA – VIADUCTO GARCIA CADENA – PUERTA DEL SOL – CARRERA 21 – PARQUE SAN FRANCISCO – BOULEVAR SANTANDER – CALLE 14 – GLORIETA DEL ESTADIO – CALLE 14 – BOULEVAR SANTANDER –CARRERA 22 – CALLE 58 – CARRERA 27 – INTERCAMBIADOR PUERTA DEL SOL – VIADUCTO GRACIA CADENA – PUENTE PROVENZA – PARALELA EL BOSQUE – FLORIDA – PAPI QUIERO PIÑA – AUTOPISTA BUCARAMANGA/FLORIDABLANCA/PIEDECUESTA – CALLE 8 – CARRERA 8 – CALLE 14 PARA TO,AR LA CARRERA 6 – VIA BOGOTA – TERMINAL TRANSPIEDECUESTA.","13","16","10","04:30:00 a.m.","07:00:00 p.m.","47","BASICO","BUS / BUSETA / MICROBUS","PIEDECUESTA DIRECTO –CARRERA 22 – CAÑAVERAL – AUTOPISTA – CALLE 8","15"
"53","PILOTO # 11 NUEVA COLOMBIA - CARRERA 21","NUEVA COLOMBIA – PUERTO NUEVO.","TRANSPORTES PIEDECUESTA S.A.","DIRECTO – AUTOPISTA – CAÑAVERAL PUERTA DEL SOL- CARRERA 21 – P. SAN FRANCISCO – GLORIETA DEL ESTADIO – PIEDECUESTA DIRECTO - CARRERA 22 – CAÑAVERAL - AUTOPISTA - LA RIOJA – EL REFUGIO – NUEVA COLOMBIA.","NUEVA COLOMBIA – PUERTO NUEVO – COLEGIO PROMOCION SOCIAL – REFUGIO – ARGENTINA – SAN TELMO – CENTRO COMERCIAL DE LA CUESTA – AUTOPISTA – INTERCAMBIADOR PIEDECUESTA A BUCARAMANGA DIRECTO AUTOPISTA PIEDECUESTA / FLORIDABLANCA/BUCARAMANGA INGRESANDO PARALELA PAPI QUIERO PIÑA – LAGOS II – CAÑAVERAL – PUENTE PROVENZA – VIADUCTO GRACIA CADENA – PUERTA DEL SOL – CARRERA 21 – PARQUE SAN FRANCISCO – BOULEVAR SANTANDER – CALLE 14 – GLORIETA DEL ESTADIO – CALLE 14 – BOULEVAR SANTANDER – CARRERA 22 – CALLE 58 – CARRERA 27 – INTERCAMBIADOR PUERTA DEL SOL – VIADUCTO GARCÍA CADENA – PUENTE PROVENZA - PARALELA EL BOSQUE – LA FLORIDA – PAPI QUIERO PIÑA – AUTOPISTA BUCARAMANGA/FLORIDABLANCA/ PIEDECUESTA-CENTRO COMERCIAL DE LA CUESTA- SAN TELMO – LA ARGENTINA – EL REFUGIO – COLEGIO PROMOCIÓN SOCIAL – PUERTO NUEVO – NUEVA COLOMBIA","13","16","10","05:00:00 a.m.","07:00:00 p.m.","45.5","BASICO","BUS / BUSETA / MICROBUS","PIEDECUESTA DIRECTO – CARRERA 22 – CAÑAVERAL – AUTOPISTA – LA RIOJA EL REFUGIO – NUEVA COLOMBIA.","15"
